REEMBOLSO;NOME DO PARLAMENTAR;ANO;SUBQUOTA TRANSLATED;FORNECEDOR;VALOR
0;ABOU ANNI;2020;Serviços postais;CORREIOS - MALA DIRETA POSTAL BÁSICA-00.000.000/0000-07;88,16
0;ABOU ANNI;2020;Serviços postais;CORREIOS - MALA DIRETA POSTAL BÁSICA-00.000.000/0000-07;121,34
0;ABOU ANNI;2020;Serviços postais;CORREIOS - MALA DIRETA POSTAL BÁSICA-00.000.000/0000-07;1274,13
0;ALENCAR SANTANA BRAGA;2020;Serviços postais;CORREIOS - SEDEX CONVENCIONAL COM AR-00.000.000/0000-07;61,15
7002207;ALENCAR SANTANA BRAGA;2020;Combustíveis e lubrificantes;AUTO POSTO NOVO GAMA LTDA-20.168.440/0001-60;111,92
7003870;ALENCAR SANTANA BRAGA;2020;Combustíveis e lubrificantes;CASCOL COMBUSTIVEIS PARA VEICULOS LTDA-00.306.597/0045-18;152,68
7002210;ALENCAR SANTANA BRAGA;2020;Combustíveis e lubrificantes;VALBA COMERCIO DE COMBUSTIVEIS LTDA-09.266.999/0001-90;160,56
7002192;ALENCAR SANTANA BRAGA;2020;Combustíveis e lubrificantes;COMERCIAL DE COMBUSTÍVEL MAM LTDA-10.702.904/0001-12;250
7001209;ALENCAR SANTANA BRAGA;2020;Divulgação da atividade parlamentar;WORKING ASSOCIACAO DE INTEGRACAO PROFISSIONAL-08.865.615/0001-92;6000
7001102;ALEX MANENTE;2020;Telefonia;Claro S.A-40.432.544/0001-47;29,89
7001072;ALEX MANENTE;2020;Manutenção de escritório de apoio à atividade parlamentar;ENEL-61.695.227/0001-93;47,39
0;ALEX MANENTE;2020;Serviços postais;CORREIOS - SEDEX CONVENCIONAL-00.000.000/0000-07;75,42
7001070;ALEX MANENTE;2020;Manutenção de escritório de apoio à atividade parlamentar;ENEL-61.695.227/0001-93;103,54
7001081;ALEX MANENTE;2020;Manutenção de escritório de apoio à atividade parlamentar;Sky Serviços de Banda Larga Ltda-00.497.373/0001-10;142,77
7001073;ALEX MANENTE;2020;Manutenção de escritório de apoio à atividade parlamentar;ENEL-61.695.227/0001-93;285,41
7001097;ALEX MANENTE;2020;Telefonia;VIVO-02.558.157/0001-62;290,42
7001083;ALEX MANENTE;2020;Manutenção de escritório de apoio à atividade parlamentar;SOLARYS SOLUCOES DIGITAIS LTDA-08.648.207/0001-89;500
7001069;ALEX MANENTE;2020;Manutenção de escritório de apoio à atividade parlamentar;CENTRO EMPRESARIAL MEDITERRANEO-03.378.149/0001-05;781,15
7001066;ALEX MANENTE;2020;Manutenção de escritório de apoio à atividade parlamentar;CENTRO EMPRESARIAL MEDITERRANEO-03.378.149/0001-05;812,5
7001064;ALEX MANENTE;2020;Manutenção de escritório de apoio à atividade parlamentar;CENTRO EMPRESARIAL MEDITERRANEO-03.378.149/0001-05;815,48
7001091;ALEX MANENTE;2020;Telefonia;VIVO-02.558.157/0001-62;1363,21
0;ALEXANDRE FROTA;2020;Serviços postais;CORREIOS - CARTA REGISTRADA-00.000.000/0000-07;8,4
0;ALEXANDRE FROTA;2020;Serviços postais;CORREIOS - SEDEX CONVENCIONAL-00.000.000/0000-07;26,39
0;ALEXANDRE FROTA;2020;Serviços postais;CORREIOS - SEDEX CONVENCIONAL COM AR-00.000.000/0000-07;41,81
0;ALEXANDRE FROTA;2020;Serviços postais;CORREIOS - SEDEX CONVENCIONAL-00.000.000/0000-07;53,6
7001940;ALEXANDRE FROTA;2020;Fornecimento de alimentação do parlamentar;SERVICO NACIONAL DE APRENDIZAGEM COMERCIAL SENAC-33.469.172/0016-44;78,81
6994225;ALEXANDRE FROTA;2020;Combustíveis e lubrificantes;AUTO SHOPPING DERIVADO DE PETROLEO LTDA-37.063.328/0010-58;124,61
6996912;ALEXANDRE FROTA;2020;Combustíveis e lubrificantes;Posto de Combustiveis Garantia Ltda-72.578.438/0002-43;130,29
7001503;ALEXANDRE FROTA;2020;Manutenção de escritório de apoio à atividade parlamentar;WMS COMERCIO DE ARTIGOS DE PAPELARIA LTDA-ME-12.132.854/0001-00;182,5
6994222;ALEXANDRE FROTA;2020;Combustíveis e lubrificantes;Posto de Combustiveis Garantia Ltda-72.578.438/0002-43;204,04
7001493;ALEXANDRE FROTA;2020;Combustíveis e lubrificantes;Posto de Combustiveis Garantia Ltda-72.578.438/0002-43;268,86
0;ALEXANDRE FROTA;2020;Serviços postais;CORREIOS - CARTA REGISTRADA-00.000.000/0000-07;487,2
7014054;ALEXANDRE FROTA;2020;Locação ou fretamento de veículos automotores;NOVITTA RENT A CAR TRANSPORTE LTDA ME-02.214.932/0001-62;4545
6995310;ALEXANDRE FROTA;2020;Consultorias, pesquisas e trabalhos técnicos;Roca & Teixeira Sociedade de Advogados-10.417.692/0001-21;6000
6996884;ALEXANDRE FROTA;2020;Locação ou fretamento de veículos automotores;NOVITTA RENT A CAR TRANSPORTE LTDA ME-02.214.932/0001-62;7744,1
0;ALEXANDRE LEITE;2020;Serviços postais;CORREIOS - SEDEX CONVENCIONAL-00.000.000/0000-07;35,46
6997743;ALEXANDRE LEITE;2020;Serviços postais;CORREIOS-68.182.203/0001-80;39,4
7008340;ALEXANDRE LEITE;2020;Combustíveis e lubrificantes;FRATELLI POSTO DE COMBUSTIVEIS LTDA-08.884.038/0001-86;200
7008339;ALEXANDRE LEITE;2020;Combustíveis e lubrificantes;FRATELLI POSTO DE COMBUSTIVEIS LTDA-08.884.038/0001-86;210,7
6993297;ALEXANDRE LEITE;2020;Serviço de segurança prestado por empresa especializada;RPW Monitoramento e Serviços LTDA - EPP-22.378.694/0001-38;220
6993319;ALEXANDRE LEITE;2020;Manutenção de escritório de apoio à atividade parlamentar;ENEL-61.695.227/0001-93;269,21
6993318;ALEXANDRE LEITE;2020;Manutenção de escritório de apoio à atividade parlamentar;ENEL-61.695.227/0001-93;270,49
6999600;ALEXANDRE PADILHA;2020;Serviço de táxi, pedágio e estacionamento;CENTROVIAS S. RODOV. S/A-02.555.926/0001-79;5,4
6999596;ALEXANDRE PADILHA;2020;Serviço de táxi, pedágio e estacionamento;CENTROVIAS S. RODOV. S/A-02.555.926/0001-79;5,4
6999562;ALEXANDRE PADILHA;2020;Serviço de táxi, pedágio e estacionamento;ENTREVIAS-26.664.057/0001-89;6,2
6998938;ALEXANDRE PADILHA;2020;Serviço de táxi, pedágio e estacionamento;CONC. SISTEMA ANHANGUERA-BANDEIRANTES S/A-02.451.848/0001-62;6,4
6998929;ALEXANDRE PADILHA;2020;Serviço de táxi, pedágio e estacionamento;CONC. SISTEMA ANHANGUERA-BANDEIRANTES S/A-02.451.848/0001-62;6,4
6997750;ALEXANDRE PADILHA;2020;Serviço de táxi, pedágio e estacionamento;AB TRIANGULO-02.509.186/0001-34;7,7
6999586;ALEXANDRE PADILHA;2020;Serviço de táxi, pedágio e estacionamento;VIAPAULISTA S/A-28.019.100/0001-89;8,1
6999573;ALEXANDRE PADILHA;2020;Serviço de táxi, pedágio e estacionamento;VIAPAULISTA S/A-28.019.100/0001-89;8,1
6998950;ALEXANDRE PADILHA;2020;Serviço de táxi, pedágio e estacionamento;CONC. SISTEMA ANHANGUERA-BANDEIRANTES S/A-02.451.848/0001-62;8,4
6998939;ALEXANDRE PADILHA;2020;Serviço de táxi, pedágio e estacionamento;CONC. SISTEMA ANHANGUERA-BANDEIRANTES S/A-02.451.848/0001-62;8,4
6997701;ALEXANDRE PADILHA;2020;Serviço de táxi, pedágio e estacionamento;AB TRIANGULO-02.509.186/0001-34;8,8
6999161;ALEXANDRE PADILHA;2020;Serviço de táxi, pedágio e estacionamento;CONC. SISTEMA ANHANGUERA-BANDEIRANTES S/A-02.451.848/0001-62;9,5
6999157;ALEXANDRE PADILHA;2020;Serviço de táxi, pedágio e estacionamento;CONC. SISTEMA ANHANGUERA-BANDEIRANTES S/A-02.451.848/0001-62;9,5
6999509;ALEXANDRE PADILHA;2020;Serviço de táxi, pedágio e estacionamento;CONC. SISTEMA ANHANGUERA-BANDEIRANTES S/A-02.451.848/0001-62;9,6
6999465;ALEXANDRE PADILHA;2020;Serviço de táxi, pedágio e estacionamento;CONC. SISTEMA ANHANGUERA-BANDEIRANTES S/A-02.451.848/0001-62;9,6
6999542;ALEXANDRE PADILHA;2020;Serviço de táxi, pedágio e estacionamento;AB TRIANGULO-02.509.186/0001-34;11,4
6999520;ALEXANDRE PADILHA;2020;Serviço de táxi, pedágio e estacionamento;AB TRIANGULO-02.509.186/0001-34;13,7
6999536;ALEXANDRE PADILHA;2020;Serviço de táxi, pedágio e estacionamento;AB TRIANGULO-02.509.186/0001-34;16
6999550;ALEXANDRE PADILHA;2020;Serviço de táxi, pedágio e estacionamento;AB TRIANGULO-02.509.186/0001-34;16,9
6999527;ALEXANDRE PADILHA;2020;Serviço de táxi, pedágio e estacionamento;AB TRIANGULO-02.509.186/0001-34;16,9
6997751;ALEXANDRE PADILHA;2020;Serviço de táxi, pedágio e estacionamento;AB TRIANGULO-02.509.186/0001-34;16,9
6997722;ALEXANDRE PADILHA;2020;Serviço de táxi, pedágio e estacionamento;AB TRIANGULO-02.509.186/0001-34;16,9
7000387;ALEXANDRE PADILHA;2020;Hospedagem ,exceto do parlamentar no distrito federal;J.K.L.M.BUFFET LTDA -EPP-05.507.782/0001-73;180
6999800;ALEXANDRE PADILHA;2020;Locação ou fretamento de veículos automotores;LOCALIZA ALUGUEL DE CARROS-16.670.085/0173-92;751,61
7000930;ALEXANDRE PADILHA;2020;Divulgação da atividade parlamentar;MARIANA MARIA BERTOLO CUNHA 38363014826-27.427.634/0001-81;5000
0;ARLINDO CHINAGLIA;2020;Serviços postais;CORREIOS - TELEGRAMA COM CÓPIA-00.000.000/0000-07;16,3
6993936;ARLINDO CHINAGLIA;2020;Hospedagem ,exceto do parlamentar no distrito federal;ARITUBA EMPREENDIMENTO TURISTICO LTDA-40.766.826/0002-61;600
1722285;ARLINDO CHINAGLIA;2020;Emissão bilhete aéreo;Cia Aérea - PASSAREDO-00.512.777/0001-35;764,89
1722286;ARLINDO CHINAGLIA;2020;Emissão bilhete aéreo;Cia Aérea - PASSAREDO-00.512.777/0001-35;771,95
7009208;ARLINDO CHINAGLIA;2020;Telefonia;Telefônica Brasil S.A. VIVO/GVT-02.558.157/0001-62;842,12
6995588;ARLINDO CHINAGLIA;2020;Telefonia;TELEFÔNICA BRASIL S.A. VIVO-02.558.157/0001-62;869,93
6995465;ARLINDO CHINAGLIA;2020;Manutenção de escritório de apoio à atividade parlamentar;VENERÁVEL ORDEM TERCEIRA SÃO FRANCISCO DA PENITENCIA DA CIDADE SP-62.799.150/0001-64;3353,77
7002877;ARLINDO CHINAGLIA;2020;Locação ou fretamento de veículos automotores;INVESTCAR VEICULOS LTDA-00.000.000/0000-10;3600
7004304;ARNALDO JARDIM;2020;Serviço de táxi, pedágio e estacionamento;ENSEADA TÁXI-04.384.705/0001-00;25
0;ARNALDO JARDIM;2020;Serviços postais;CORREIOS - SEDEX CONVENCIONAL-00.000.000/0000-07;35,46
0;ARNALDO JARDIM;2020;Serviços postais;CORREIOS - SEDEX CONVENCIONAL-00.000.000/0000-07;36,94
0;ARNALDO JARDIM;2020;Serviços postais;CORREIOS - SEDEX CONVENCIONAL COM AR-00.000.000/0000-07;58,49
7004849;ARNALDO JARDIM;2020;Combustíveis e lubrificantes;RODOPOSTO MARISTELA LTDA-46.830.865/0001-86;63,01
7004681;ARNALDO JARDIM;2020;Combustíveis e lubrificantes;RODOPOSTO BANDEIRANTES SUL LTDA-05.289.870/0001-46;69,96
7004842;ARNALDO JARDIM;2020;Combustíveis e lubrificantes;AUTO POSTO AUSTRIA LTDA-04.040.553/0001-29;79,54
7004762;ARNALDO JARDIM;2020;Combustíveis e lubrificantes;AUTO POSTO TRES DE ABRIL LTDA-07.673.195/0001-80;92,39
7004729;ARNALDO JARDIM;2020;Combustíveis e lubrificantes;AUTO POSTO SANTA LUCIA DE BARIRI LTDA-02.887.390/0001-99;98,02
7004857;ARNALDO JARDIM;2020;Combustíveis e lubrificantes;ALBINO e GUARNIERI LT-43.742.204/0001-00;99,69
7004770;ARNALDO JARDIM;2020;Combustíveis e lubrificantes;AUTO POSTO VEIGA FILHO LT-43.552.462/0001-24;100,05
7004710;ARNALDO JARDIM;2020;Combustíveis e lubrificantes;AUTO POSTO NOVAIS LUENGO E SIVIERO-00.378.858/0001-94;108,01
7004812;ARNALDO JARDIM;2020;Combustíveis e lubrificantes;AUTO POSTO PLAYGAS LTDA-03.170.356/0001-61;114
7004872;ARNALDO JARDIM;2020;Combustíveis e lubrificantes;RODOPOSTO MARISTELA LTDA-46.830.865/0001-86;121,01
7004794;ARNALDO JARDIM;2020;Combustíveis e lubrificantes;CENTRO AUTOMOTIVO ARARAJUBA LTDA-04.205.711/0001-53;123,09
7004822;ARNALDO JARDIM;2020;Combustíveis e lubrificantes;T N T POSTO DE SERVICOS E CONVENIENCIAS LTDA-09.629.065/0001-75;125
7004747;ARNALDO JARDIM;2020;Combustíveis e lubrificantes;AUTO POSTO NOZOCA-15.515.861/0001-80;131,01
7004804;ARNALDO JARDIM;2020;Combustíveis e lubrificantes;MARTINELI AUTO POSTO RIBEIRAO LTDA-08.225.043/0001-87;131,22
7004777;ARNALDO JARDIM;2020;Combustíveis e lubrificantes;AUTO POSTO BRASIL GAS SANTA ISABEL LTDA-24.496.451/0001-20;142,05
7004830;ARNALDO JARDIM;2020;Combustíveis e lubrificantes;POSTO DE SERVICOS 23 DE MAIO LTDA-18.811.994/0001-91;150
0;ARNALDO JARDIM;2020;Serviços postais;CORREIOS - SEDEX CONVENCIONAL-00.000.000/0000-07;153,78
7004694;ARNALDO JARDIM;2020;Combustíveis e lubrificantes;AUTO POSTO DUQUE JK LTDA-07.846.581/0001-26;166,53
7004276;ARNALDO JARDIM;2020;Hospedagem ,exceto do parlamentar no distrito federal;ATRIO HOTEIS S.A.-80.732.928/0024-96;203,84
7004253;ARNALDO JARDIM;2020;Hospedagem ,exceto do parlamentar no distrito federal;ATRIO HOTEIS S.A.-80.732.928/0024-96;203,84
7004246;ARNALDO JARDIM;2020;Hospedagem ,exceto do parlamentar no distrito federal;ATRIO HOTEIS S.A.-80.732.928/0024-96;203,84
0;ARNALDO JARDIM;2020;Serviços postais;CORREIOS - ENCOMENDA PAC-00.000.000/0000-07;234,85
7000999;ARNALDO JARDIM;2020;Hospedagem ,exceto do parlamentar no distrito federal;CASTOR - ADMINISTRACAO DE HOTELARIA LTDA-01.061.991/0002-66;389,34
7001027;ARNALDO JARDIM;2020;Serviços postais;SEP- COMERCIO E REPRESENTAÇÃO LTDA-68.296.722/0001-79;422,4
7001010;ARNALDO JARDIM;2020;Hospedagem ,exceto do parlamentar no distrito federal;CASTOR - ADMINISTRACAO DE HOTELARIA LTDA-01.061.991/0002-66;441,34
0;BALEIA ROSSI;2020;Serviços postais;CORREIOS - CARTA COMERCIAL-00.000.000/0000-07;10,25
0;BALEIA ROSSI;2020;Serviços postais;CORREIOS - CARTA COMERCIAL-00.000.000/0000-07;21,6
0;BALEIA ROSSI;2020;Serviços postais;CORREIOS - SEDEX CONVENCIONAL-00.000.000/0000-07;75,42
6999056;BALEIA ROSSI;2020;Telefonia;TELEFÔNICA BRASIL S.A. VIVO-02.558.157/0001-62;280,31
7002599;BALEIA ROSSI;2020;Manutenção de escritório de apoio à atividade parlamentar;CONDE & DELL ARINGA - DES DE SOFTWARES-09.613.772/0001-73;508
6999053;BALEIA ROSSI;2020;Telefonia;TELEFÔNICA BRASIL S.A. VIVO-02.558.157/0001-62;1347,94
7001693;BALEIA ROSSI;2020;Divulgação da atividade parlamentar;CALIL DIB PROMOÇÕES DE EVENTOS LTDA-07.953.931/0001-53;3500
6999294;BALEIA ROSSI;2020;Locação ou fretamento de veículos automotores;FIDELITY PRODUÇÕES EVENTOS-10.925.965/0001-49;4050
0;BRUNA FURLAN;2020;Serviços postais;CORREIOS - SEDEX CONVENCIONAL-00.000.000/0000-07;35,46
0;BRUNA FURLAN;2020;Serviços postais;CORREIOS - SEDEX CONVENCIONAL-00.000.000/0000-07;53,19
0;BRUNA FURLAN;2020;Serviços postais;CORREIOS - SEDEX CONVENCIONAL-00.000.000/0000-07;65
6993277;BRUNA FURLAN;2020;Telefonia;TELEFÔNICA BRASIL S.A. VIVO-02.558.157/0001-62;79,99
0;BRUNA FURLAN;2020;Serviços postais;CORREIOS - SEDEX CONVENCIONAL-00.000.000/0000-07;129,54
6997311;BRUNA FURLAN;2020;Combustíveis e lubrificantes;CRUZEIRO COMBUSTIVEIS E SERVICOS S/A-26.991.067/0001-29;150
6996371;BRUNA FURLAN;2020;Manutenção de escritório de apoio à atividade parlamentar;TELEFÔNICA BRASIL S.A. VIVO-02.558.157/0001-62;249,89
6996377;BRUNA FURLAN;2020;Telefonia;TELEFÔNICA BRASIL S.A. VIVO-02.558.157/0001-62;273,19
6997168;BRUNA FURLAN;2020;Manutenção de escritório de apoio à atividade parlamentar;EDIFICIO NEW BUSINESS CENTER CASTELLO BRANCO-19.366.138/0001-37;489,99
6997714;BRUNA FURLAN;2020;Manutenção de escritório de apoio à atividade parlamentar;EDIFICIO NEW BUSINESS CENTER CASTELLO BRANCO-19.366.138/0001-37;501,13
6992356;BRUNA FURLAN;2020;Combustíveis e lubrificantes;PRATA PURA SERVICOS AUTOMOTIVOS LTDA-15.230.664/0001-14;2067,21
6993856;BRUNA FURLAN;2020;Manutenção de escritório de apoio à atividade parlamentar;Dawton Roberto Batista Gaia-034.142.268-12;2444,1
7000611;BRUNA FURLAN;2020;Divulgação da atividade parlamentar;lucymidias-36.076.863/0001-90;5000
6996576;CAPITÃO AUGUSTO;2020;Serviço de táxi, pedágio e estacionamento;Concessionária Atuo Raposo Tavares S/A-10.531.501/0009-05;7,4
6996562;CAPITÃO AUGUSTO;2020;Fornecimento de alimentação do parlamentar;COFFEE AEROPORTO LTDA-17.325.646/0005-75;32
6996468;CAPITÃO AUGUSTO;2020;Combustíveis e lubrificantes;AUTO POSTO MIRANTE DE OURINHOS LTDA-23.085.488/0001-00;111,8
6996608;CAPITÃO AUGUSTO;2020;Combustíveis e lubrificantes;WE AUTO POSTO LTDA-07.623.527/0001-11;122,57
6996432;CAPITÃO AUGUSTO;2020;Combustíveis e lubrificantes;AUTO POSTO MIRANTE DE OURINHOS LTDA-23.085.488/0001-00;141,16
6996546;CAPITÃO AUGUSTO;2020;Combustíveis e lubrificantes;SSJT Serviço de Auto Posto Ltda-15.619.911/0002-50;150
6996455;CAPITÃO AUGUSTO;2020;Combustíveis e lubrificantes;AUTO POSTO MIRANTE DE OURINHOS LTDA-23.085.488/0001-00;175,41
6996442;CAPITÃO AUGUSTO;2020;Combustíveis e lubrificantes;AUTO POSTO MIRANTE DE OURINHOS LTDA-23.085.488/0001-00;178
6997151;CAPITÃO AUGUSTO;2020;Combustíveis e lubrificantes;AUTO POSTO MIRANTE DE OURINHOS LTDA-23.085.488/0001-00;186,17
6997147;CAPITÃO AUGUSTO;2020;Combustíveis e lubrificantes;AUTO POSTO MIRANTE DE OURINHOS LTDA-23.085.488/0001-00;200,04
6997167;CAPITÃO AUGUSTO;2020;Combustíveis e lubrificantes;AUTO POSTO PIRAI LTDA-61.990.693/0001-00;201,11
6997165;CAPITÃO AUGUSTO;2020;Manutenção de escritório de apoio à atividade parlamentar;companhia jaguari de energia s.a.-53.859.112/0001-69;203,47
6996435;CAPITÃO AUGUSTO;2020;Combustíveis e lubrificantes;AUTO POSTO MIRANTE DE OURINHOS LTDA-23.085.488/0001-00;225,32
6997156;CAPITÃO AUGUSTO;2020;Combustíveis e lubrificantes;AUTO POSTO MIRANTE DE OURINHOS LTDA-23.085.488/0001-00;230,44
6997152;CAPITÃO AUGUSTO;2020;Combustíveis e lubrificantes;AUTO POSTO MIRANTE DE OURINHOS LTDA-23.085.488/0001-00;243
6997153;CAPITÃO AUGUSTO;2020;Combustíveis e lubrificantes;AUTO POSTO MIRANTE DE OURINHOS LTDA-23.085.488/0001-00;243,6
7007442;CAPITÃO AUGUSTO;2020;Manutenção de escritório de apoio à atividade parlamentar;PARLANET WEB E TECNOLOGIA EIRELI-31.602.730/0001-96;350
1723466;CAPITÃO AUGUSTO;2020;Emissão bilhete aéreo;Cia Aérea - AZUL-09.296.295/0001-60;3196,85
0;CARLA ZAMBELLI;2020;Serviços postais;CORREIOS - CARTA COMERCIAL-00.000.000/0000-07;6,45
0;CARLA ZAMBELLI;2020;Serviços postais;CORREIOS - CARTA REGISTRADA COM AR-00.000.000/0000-07;16,65
6995080;CARLA ZAMBELLI;2020;Serviços postais;ECT- EMP.BRAS.DE CORREIOS E TELEGRAFOS-00.190.292/0001-72;35,1
0;CARLA ZAMBELLI;2020;Serviços postais;CORREIOS - SEDEX CONVENCIONAL-00.000.000/0000-07;73,89
7003930;CARLA ZAMBELLI;2020;Assinatura de publicações;Editora Globo S.A.-04.067.191/0007-55;99,9
7000668;CARLA ZAMBELLI;2020;Manutenção de escritório de apoio à atividade parlamentar;PLENA INFORMATICA LTDA EPP-03.038.875/0001-70;159,7
6995092;CARLA ZAMBELLI;2020;Combustíveis e lubrificantes;POSTO DA TORRE EIRELI - EPP-04.473.193/0001-59;180,61
6995856;CARLA ZAMBELLI;2020;Combustíveis e lubrificantes;GOES COMBUSTIVEIS LUBRIRICANTES E GLP LTDA-05.454.390/0001-93;186,15
7004239;CARLA ZAMBELLI;2020;Combustíveis e lubrificantes;GOES COMBUSTIVEIS LUBRIRICANTES E GLP LTDA-05.454.390/0001-93;193,25
6993957;CARLA ZAMBELLI;2020;Combustíveis e lubrificantes;YOSHIURA e YOSHIURA LTDA-05.350.828/0001-93;200
7000102;CARLA ZAMBELLI;2020;Combustíveis e lubrificantes;AUTO POSTO CINCO ESTRELAS LTDA-00.692.418/0001-07;206,1
7000958;CARLA ZAMBELLI;2020;Combustíveis e lubrificantes;AUTO SHOPPING DERIVADO DE PETROLEO LTDA-37.063.328/0010-58;211,23
6995862;CARLA ZAMBELLI;2020;Combustíveis e lubrificantes;CASCOL COMBUSTIVEIS PARA VEICULOS LTDA-00.306.597/0060-57;224,85
6995853;CARLA ZAMBELLI;2020;Manutenção de escritório de apoio à atividade parlamentar;PLENA INFORMATICA LTDA EPP-03.038.875/0001-70;305,5
6997038;CARLA ZAMBELLI;2020;Divulgação da atividade parlamentar;RAFAEL GONZALEZ MARTINEZ-26.460.749/0001-05;2000
6997061;CARLA ZAMBELLI;2020;Manutenção de escritório de apoio à atividade parlamentar;IZUMI INFORMÁTICA LTDA ME-08.604.726/0001-45;2976
6992740;CARLA ZAMBELLI;2020;Divulgação da atividade parlamentar;URBANO VILLELA PRODUCOES LTDA-23.089.473/0001-02;3000
0;CARLOS SAMPAIO;2020;Serviços postais;CORREIOS - SEDEX 10 COM AR-00.000.000/0000-07;72,05
6996557;CARLOS SAMPAIO;2020;Manutenção de escritório de apoio à atividade parlamentar;Sanasa Campinas-46.119.855/0001-37;162,75
7003712;CARLOS SAMPAIO;2020;Serviço de segurança prestado por empresa especializada;VERISURE BRASIL MONITORAMENTO-11.660.106/0001-38;169
1723533;CARLOS SAMPAIO;2020;Emissão bilhete aéreo;Cia Aérea - AZUL-09.296.295/0001-60;325
1723532;CARLOS SAMPAIO;2020;Emissão bilhete aéreo;Cia Aérea - AZUL-09.296.295/0001-60;325
7006468;CARLOS SAMPAIO;2020;Telefonia;VIVO TELEFONICA BRASIL S.A.-02.558.157/0001-62;340,75
7004963;CARLOS SAMPAIO;2020;Manutenção de escritório de apoio à atividade parlamentar;COMPANHIA PAULISTA DE FORÇA E LUZ-33.050.196/0001-88;651,03
1723474;CARLOS SAMPAIO;2020;Emissão bilhete aéreo;Cia Aérea - AZUL-09.296.295/0001-60;840,28
1723473;CARLOS SAMPAIO;2020;Emissão bilhete aéreo;Cia Aérea - AZUL-09.296.295/0001-60;840,28
7003661;CARLOS SAMPAIO;2020;Combustíveis e lubrificantes;POSTO CAFE BRASIL LT-01.627.158/0001-59;1514
7008532;CARLOS SAMPAIO;2020;Locação ou fretamento de veículos automotores;SINAL ALUGUEL DE VEICULOS LTDA-13.009.877/0001-95;1926
6999140;CARLOS ZARATTINI;2020;Serviço de táxi, pedágio e estacionamento;99 POP-18.033.552/0001-61;8,8
6999135;CARLOS ZARATTINI;2020;Serviço de táxi, pedágio e estacionamento;99 POP-18.033.552/0001-61;19,28
6999117;CARLOS ZARATTINI;2020;Serviço de táxi, pedágio e estacionamento;99 POP-18.033.552/0001-61;26,7
6999148;CARLOS ZARATTINI;2020;Serviço de táxi, pedágio e estacionamento;99 POP-18.033.552/0001-61;34
7005395;CARLOS ZARATTINI;2020;Serviços postais;EMPRESA DE COMUNICACAO VITAL BRASIL LTDA-00.467.855/0001-27;35,1
6999127;CARLOS ZARATTINI;2020;Serviço de táxi, pedágio e estacionamento;99 POP-18.033.552/0001-61;36,1
6999141;CARLOS ZARATTINI;2020;Serviço de táxi, pedágio e estacionamento;99 POP-18.033.552/0001-61;38,43
7001577;CARLOS ZARATTINI;2020;Telefonia;Claro S.A-40.432.544/0001-47;39,88
7001579;CARLOS ZARATTINI;2020;Telefonia;Claro S.A-40.432.544/0001-47;49,77
6999143;CARLOS ZARATTINI;2020;Serviço de táxi, pedágio e estacionamento;99 POP-18.033.552/0001-61;55,3
7005511;CARLOS ZARATTINI;2020;Assinatura de publicações;Editora Globo S.A.-04.067.191/0007-55;79,9
6999060;CARLOS ZARATTINI;2020;Combustíveis e lubrificantes;POSTO DE SERVICO FLOREAT LT-59.143.404/0001-87;185,91
6999070;CARLOS ZARATTINI;2020;Combustíveis e lubrificantes;POSTO DE SERVICO FLOREAT LT-59.143.404/0001-87;201,92
7001545;CARLOS ZARATTINI;2020;Combustíveis e lubrificantes;POSTO DE SERVICO FLOREAT LT-59.143.404/0001-87;205,48
7001552;CARLOS ZARATTINI;2020;Combustíveis e lubrificantes;POSTO DE SERVICO FLOREAT LT-59.143.404/0001-87;224,75
6999061;CARLOS ZARATTINI;2020;Combustíveis e lubrificantes;ARGETAX ADMIN ISTRACAO E PARTICIPACOES EM EMPREEN-04.383.988/0004-19;224,96
7005524;CARLOS ZARATTINI;2020;Manutenção de escritório de apoio à atividade parlamentar;CARTUCHOS DO BRASIL & INFORMATICA LTDA-10.924.541/0001-60;230
6999066;CARLOS ZARATTINI;2020;Combustíveis e lubrificantes;BG LESTE PETROLEO LTDA-04.881.800/0001-10;232,36
7001587;CARLOS ZARATTINI;2020;Manutenção de escritório de apoio à atividade parlamentar;LOCAWEB SERVICOS DE INTERNET S.A.-02.351.877/0001-52;257,96
6999064;CARLOS ZARATTINI;2020;Combustíveis e lubrificantes;AUTO POSTO LUCCA FREIRE LTDA-09.500.434/0001-25;266,69
7005499;CARLOS ZARATTINI;2020;Serviço de táxi, pedágio e estacionamento;CENTRO DE GESTÃO DE MEIOS DE PGTO. LTDA. - SEM PARAR-04.088.208/0001-65;319,08
0;CARLOS ZARATTINI;2020;Serviços postais;CORREIOS - ENCOMENDA PAC-00.000.000/0000-07;409,15
7005404;CARLOS ZARATTINI;2020;Serviço de segurança prestado por empresa especializada;SHIMITD SERVIÇO DE SEGURANÇA PATRIMONIAL LTDA-00.892.482/0001-31;850
7001555;CARLOS ZARATTINI;2020;Divulgação da atividade parlamentar;PAULO ROGERIO DE JESUS SILVA 38942369812-15.097.627/0001-80;1800
7001563;CARLOS ZARATTINI;2020;Manutenção de escritório de apoio à atividade parlamentar;Basília Maria Batista Aguirre-908.340.628-87;8000
0;CELSO RUSSOMANNO;2020;Serviços postais;CORREIOS - CAIXA DE ENCOMENDAS BÁSICA/CONVENCIONAL-00.000.000/0000-07;4,9
0;CELSO RUSSOMANNO;2020;Serviços postais;CORREIOS - ENCOMENDA PAC-00.000.000/0000-07;21,11
7007846;CEZINHA DE MADUREIRA;2020;Serviço de táxi, pedágio e estacionamento;CONCESSIONARIA DO RODOANEL OESTE S.A.-09.387.725/0001-59;2,1
7007836;CEZINHA DE MADUREIRA;2020;Serviço de táxi, pedágio e estacionamento;CONCESSIONARIA DA RODOVIA PRESIDENTE DUTRA S/A-00.861.626/0001-92;3,7
7007792;CEZINHA DE MADUREIRA;2020;Serviço de táxi, pedágio e estacionamento;CONCESSIONARIA DA RODOVIA PRESIDENTE DUTRA S/A-00.861.626/0001-92;3,7
7007785;CEZINHA DE MADUREIRA;2020;Serviço de táxi, pedágio e estacionamento;CONCESSIONARIA DA RODOVIA PRESIDENTE DUTRA S/A-00.861.626/0001-92;6,7
7007828;CEZINHA DE MADUREIRA;2020;Serviço de táxi, pedágio e estacionamento;CONC. SISTEMA ANHANGUERA-BANDEIRANTES S/A-02.451.848/0001-62;8,4
7007822;CEZINHA DE MADUREIRA;2020;Serviço de táxi, pedágio e estacionamento;CONC. SISTEMA ANHANGUERA-BANDEIRANTES S/A-02.451.848/0001-62;8,4
7007851;CEZINHA DE MADUREIRA;2020;Serviço de táxi, pedágio e estacionamento;CONC. SISTEMA ANHANGUERA-BANDEIRANTES S/A-02.451.848/0001-62;9,5
7007799;CEZINHA DE MADUREIRA;2020;Serviço de táxi, pedágio e estacionamento;CONC. SISTEMA ANHANGUERA-BANDEIRANTES S/A-02.451.848/0001-62;9,5
7007869;CEZINHA DE MADUREIRA;2020;Serviço de táxi, pedágio e estacionamento;CONC. SISTEMA ANHANGUERA-BANDEIRANTES S/A-02.451.848/0001-62;9,6
7007861;CEZINHA DE MADUREIRA;2020;Serviço de táxi, pedágio e estacionamento;CONC. SISTEMA ANHANGUERA-BANDEIRANTES S/A-02.451.848/0001-62;9,6
7001592;CEZINHA DE MADUREIRA;2020;Combustíveis e lubrificantes;Posto de Combustiveis Garantia Ltda-72.578.438/0002-43;30
7005445;CEZINHA DE MADUREIRA;2020;Combustíveis e lubrificantes;POSTO AVENIDA HÉLIO PRATES LTDA-10.459.168/0001-13;50
7001980;CEZINHA DE MADUREIRA;2020;Manutenção de escritório de apoio à atividade parlamentar;ENEL-61.695.227/0001-93;108,86
7002096;CEZINHA DE MADUREIRA;2020;Manutenção de escritório de apoio à atividade parlamentar;SABESP-43.776.517/0001-80;112,51
7005450;CEZINHA DE MADUREIRA;2020;Combustíveis e lubrificantes;POSTO AVENIDA HÉLIO PRATES LTDA-10.459.168/0001-13;187,13
7001597;CEZINHA DE MADUREIRA;2020;Combustíveis e lubrificantes;AUTO POSTO 306 NORTE LTDA-22.398.818/0001-47;198,75
7001593;CEZINHA DE MADUREIRA;2020;Combustíveis e lubrificantes;TAGUACENTRO COMER. DE DERIV. DE PETROLEO LTDA-12.093.145/0001-63;200,84
7005455;CEZINHA DE MADUREIRA;2020;Combustíveis e lubrificantes;CASCOL COMBUSTIVEIS PARA VEICULOS LTDA-00.306.597/0063-08;209,22
6995956;CEZINHA DE MADUREIRA;2020;Manutenção de escritório de apoio à atividade parlamentar;AMORETTO CAFES EXPRESSO LTDA-08.532.429/0001-31;534,6
7001848;CEZINHA DE MADUREIRA;2020;Locação ou fretamento de veículos automotores;TAXCO LOCADORA DE BENS LTDA-06.269.793/0001-25;4200
7001874;CEZINHA DE MADUREIRA;2020;Divulgação da atividade parlamentar;MARCOS ALCANTARA ARCANJO-33.299.869/0001-38;6750
6995945;CEZINHA DE MADUREIRA;2020;Divulgação da atividade parlamentar;SVM COPIAS E IMPRESSOS LTDA-30.167.066/0001-31;15200
0;CORONEL TADEU;2020;Serviços postais;CORREIOS - CAIXA DE ENCOMENDAS BÁSICA/CONVENCIONAL-00.000.000/0000-07;4,3
7004321;CORONEL TADEU;2020;Serviço de táxi, pedágio e estacionamento;ESTACIONAMENTO TREVO-46.381.521/0111-71;15
0;CORONEL TADEU;2020;Serviços postais;CORREIOS - ENCOMENDA PAC-00.000.000/0000-07;21,06
7000729;CORONEL TADEU;2020;Manutenção de escritório de apoio à atividade parlamentar;ENEL-61.695.227/0001-93;73,89
7000758;CORONEL TADEU;2020;Telefonia;VIVO-02.558.157/0001-62;181,15
0;CORONEL TADEU;2020;Serviços postais;CORREIOS - ENCOMENDA PAC-00.000.000/0000-07;437,42
7000726;CORONEL TADEU;2020;Telefonia;TELEFONIA BRASIL S.A-02.558.157/0002-43;1039,63
7010976;CORONEL TADEU;2020;Manutenção de escritório de apoio à atividade parlamentar;Gonçale Imoveis eireli-32.122.446/0001-85;2042
7005097;DAVID SOARES;2020;Serviço de táxi, pedágio e estacionamento;CONCESSIONARIA AUTO RAPOSO TAVARES S.A.-10.531.501/0011-20;7,3
7005071;DAVID SOARES;2020;Serviço de táxi, pedágio e estacionamento;CONCESSIONARIA AUTO RAPOSO TAVARES S.A.-10.531.501/0011-20;7,3
7005092;DAVID SOARES;2020;Serviço de táxi, pedágio e estacionamento;CONCESSIONARIA AUTO RAPOSO TAVARES S/A-10.531.501/0005-81;9,8
7005089;DAVID SOARES;2020;Serviço de táxi, pedágio e estacionamento;CONCESSIONARIA AUTO RAPOSO TAVARES S/A-10.531.501/0005-81;9,8
7005077;DAVID SOARES;2020;Serviço de táxi, pedágio e estacionamento;CONCESSIONARIA AUTO RAPOSO TAVARES S.A.-10.531.501/0011-20;9,8
7003500;DAVID SOARES;2020;Fornecimento de alimentação do parlamentar;ARCOS DOURADOS COMERCIO DE ALIMENTOS LTDA-42.591.651/1311-67;29,95
7004945;DAVID SOARES;2020;Fornecimento de alimentação do parlamentar;SERVICO NACIONAL DE APRENDIZAGEM COMERCIAL SENAC-33.469.172/0016-44;70,26
7002499;DAVID SOARES;2020;Combustíveis e lubrificantes;POSTO DE GASOLINA CORDEIRO LTDA-34.066.472/0001-69;95,03
7003473;DAVID SOARES;2020;Serviço de táxi, pedágio e estacionamento;CENTRO DE GESTÃO DE MEIOS DE PGTO. LTDA. - SEM PARAR-04.088.208/0001-65;121,34
7003607;DAVID SOARES;2020;Combustíveis e lubrificantes;AUTO POSTO BONSUCESSO LTDA-31.124.027/0001-10;133,29
7001386;DAVID SOARES;2020;Hospedagem ,exceto do parlamentar no distrito federal;JR PARK HOTEL LTDA-96.329.446/0001-33;194,35
7002665;DAVID SOARES;2020;Combustíveis e lubrificantes;AUTO SERVICO BOM VALE LTDA-02.008.284/0001-98;238,01
7003570;DAVID SOARES;2020;Combustíveis e lubrificantes;POSTO LUC DE PADUA LTDA-01.648.535/0001-36;246,9
7001341;DAVID SOARES;2020;Manutenção de escritório de apoio à atividade parlamentar;ENEL-61.695.227/0001-93;253,14
7001377;DAVID SOARES;2020;Combustíveis e lubrificantes;PETRONORTE COMBUSTIVEIS LTDA-06.071.706/0001-20;267,87
7003631;DAVID SOARES;2020;Combustíveis e lubrificantes;POSTO UNIAO DE PADUA LTDA-03.734.859/0001-12;274,35
7003787;DAVID SOARES;2020;Locação ou fretamento de veículos automotores;UNIDAS SA-04.437.534/0014-55;360
0;EDUARDO BOLSONARO;2020;Serviços postais;CORREIOS - CARTA REGISTRADA-00.000.000/0000-07;10,3
7000343;EDUARDO BOLSONARO;2020;Serviços postais;ECT EMP BRAS DE CORREIOS E TELEGRAFOS-34.028.316/3171-40;35,1
6998880;EDUARDO BOLSONARO;2020;Serviços postais;ECT EMP BRAS DE CORREIOS E TELEGRAFOS-34.028.316/3171-40;35,1
6995812;EDUARDO BOLSONARO;2020;Serviços postais;ACT VIDEO E GAMES LOCADORA LTDA-ME-57.064.586/0001-75;35,1
6995806;EDUARDO BOLSONARO;2020;Serviços postais;ECT EMP BRAS DE CORREIOS E TELEGRAFOS-34.028.316/3171-40;35,1
6995837;EDUARDO BOLSONARO;2020;Manutenção de escritório de apoio à atividade parlamentar;ENEL-61.695.227/0001-93;37,45
6995824;EDUARDO BOLSONARO;2020;Manutenção de escritório de apoio à atividade parlamentar;ENEL-61.695.227/0001-93;49,65
7004240;EDUARDO BOLSONARO;2020;Combustíveis e lubrificantes;CASCOL COMBUSTIVEIS PARA VEICULOS LTDA-00.306.597/0031-12;124,23
6996543;EDUARDO BOLSONARO;2020;Combustíveis e lubrificantes;CASCOL COMBUSTIVEIS PARA VEICULOS LTDA-00.306.597/0031-12;169,63
6995818;EDUARDO BOLSONARO;2020;Telefonia;TELEFÔNICA BRASIL S.A. VIVO-02.558.157/0001-62;403,78
7003280;EDUARDO BOLSONARO;2020;Telefonia;VIVO S/A-02.558.157/0001-62;405,73
6995759;EDUARDO BOLSONARO;2020;Telefonia;TELEFÔNICA BRASIL S.A. VIVO-02.558.157/0001-62;629,99
7000341;EDUARDO BOLSONARO;2020;Manutenção de escritório de apoio à atividade parlamentar;P & L PATRIMONIO LTDA.-04.541.599/0001-21;4801
6996665;EDUARDO BOLSONARO;2020;Locação ou fretamento de veículos automotores;QUASAR LOCADORA DE VEICULOS EIRELI-38.024.675/0001-43;6800
7005019;EDUARDO BOLSONARO;2020;Consultorias, pesquisas e trabalhos técnicos;INSTITUTO INFOREL DE RELAÇÕES INTERNACIONAIS E DEFESA LTDA-18.066.262/0001-14;7000
7006785;EDUARDO CURY;2020;Fornecimento de alimentação do parlamentar;WELL FOODS RESTAURANTES LTDA-30.857.439/0007-91;17
6999937;EDUARDO CURY;2020;Fornecimento de alimentação do parlamentar;RESTAURANTE PIEMONTE DE PORTO REAL LTDA-09.036.926/0002-92;30,8
7006362;EDUARDO CURY;2020;Fornecimento de alimentação do parlamentar;SAO PAULO AIRPORT RESTAURANTES LIMITADA-20.205.435/0001-80;39,5
7006776;EDUARDO CURY;2020;Fornecimento de alimentação do parlamentar;TRENTINI RESTAURANTE E FAST FOOD EIRELI ME-27.560.540/0001-86;46,67
6999928;EDUARDO CURY;2020;Fornecimento de alimentação do parlamentar;FORTUNA RESTAURANTES E BUFFET LTDA-04.171.462/0001-22;46,8
7005902;EDUARDO CURY;2020;Manutenção de escritório de apoio à atividade parlamentar;SABESP-43.776.517/0001-80;47,42
7006089;EDUARDO CURY;2020;Serviços postais;LOGICIAL INFORMATICA E AUTOMACAO LTDA-56.057.987/0001-35;49,8
7006344;EDUARDO CURY;2020;Fornecimento de alimentação do parlamentar;SAO PAULO AIRPORT RESTAURANTES LIMITADA-20.205.435/0001-80;55
7006081;EDUARDO CURY;2020;Serviços postais;LOGICIAL INFORMATICA E AUTOMACAO LTDA-56.057.987/0001-35;72,3
6999949;EDUARDO CURY;2020;Serviços postais;ECT - Emp. Brasileira de Correios e Telégrafos-65.056.814/0001-93;72,3
6999888;EDUARDO CURY;2020;Serviços postais;SATELITE POST SJC LTDA-96.484.035/0001-12;72,3
6999885;EDUARDO CURY;2020;Serviços postais;SATELITE POST SJC LTDA-96.484.035/0001-12;72,3
6997158;EDUARDO CURY;2020;Telefonia;TELEFÔNICA BRASIL S.A. VIVO-02.558.157/0001-62;149,97
7005083;EDUARDO CURY;2020;Combustíveis e lubrificantes;AUTO POSTO ORIGINAL BRASILIA 409 DERIVADOS DE PETROLEO LTDA-20.645.413/0001-30;184,08
7006359;EDUARDO CURY;2020;Combustíveis e lubrificantes;CASSIANO COMERCIO DE COMBUSTIVEIS E CONVENIENCIAS-03.052.091/0001-05;185,48
6999952;EDUARDO CURY;2020;Combustíveis e lubrificantes;AGUIA DOURADA AUTO POSTO LTDA-59.730.804/0001-99;234,13
6997247;EDUARDO CURY;2020;Manutenção de escritório de apoio à atividade parlamentar;PARLANET WEB E TECNOLOGIA EIRELI-31.602.730/0001-96;250
7006350;EDUARDO CURY;2020;Combustíveis e lubrificantes;CASSIANO COMERCIO DE COMBUSTIVEIS E CONVENIENCIAS-03.052.091/0001-05;254,85
6999961;EDUARDO CURY;2020;Combustíveis e lubrificantes;COMPANHIA BRASILEIRA DE DISTRIBUICAO-47.508.411/1344-38;264,33
7006355;EDUARDO CURY;2020;Combustíveis e lubrificantes;POSTO ARCO IRIS DE ROSEIRA LTDA-43.667.922/0001-60;301,29
6999917;EDUARDO CURY;2020;Hospedagem ,exceto do parlamentar no distrito federal;HOTELARIA ACCORINVEST BRASIL S A-02.419.765/0012-49;337
6997231;EDUARDO CURY;2020;Telefonia;TELEFÔNICA BRASIL S.A. VIVO-02.558.157/0001-62;731,12
7004831;EDUARDO CURY;2020;Manutenção de escritório de apoio à atividade parlamentar;TECHWAY COMERCIAL EIRELI - ME-07.496.121/0001-15;850
7004838;EDUARDO CURY;2020;Manutenção de escritório de apoio à atividade parlamentar;TECHWAY COMERCIAL EIRELI - ME-07.496.121/0001-15;912
7004847;EDUARDO CURY;2020;Manutenção de escritório de apoio à atividade parlamentar;TECHWAY COMERCIAL EIRELI - ME-07.496.121/0001-15;1154,8
7004819;EDUARDO CURY;2020;Divulgação da atividade parlamentar;MESTRA COMUNICAÇÃO LTDA-08.737.006/0001-58;1333,33
7005626;EDUARDO CURY;2020;Locação ou fretamento de veículos automotores;SGMK TRANSPORTES E LOGÍSTICA LTDA-06.065.895/0001-29;2800
6997163;EDUARDO CURY;2020;Manutenção de escritório de apoio à atividade parlamentar;Kogake Empreendimentos Imobiliários Ltda-03.612.692/0001-17;3023,14
7005716;EDUARDO CURY;2020;Locação ou fretamento de veículos automotores;SGMK TRANSPORTES E LOGÍSTICA LTDA-06.065.895/0001-29;3800
0;FAUSTO PINATO;2020;Serviços postais;CORREIOS - CARTA COMERCIAL-00.000.000/0000-07;8,2
0;FAUSTO PINATO;2020;Serviços postais;CORREIOS - SEDEX CONVENCIONAL-00.000.000/0000-07;9,1
0;FAUSTO PINATO;2020;Serviços postais;CORREIOS - SEDEX CONVENCIONAL-00.000.000/0000-07;35,46
0;FAUSTO PINATO;2020;Serviços postais;CORREIOS - SEDEX CONVENCIONAL-00.000.000/0000-07;35,46
0;FAUSTO PINATO;2020;Serviços postais;CORREIOS - SEDEX CONVENCIONAL-00.000.000/0000-07;72,4
7001985;FAUSTO PINATO;2020;Combustíveis e lubrificantes;AUTO SHOPPING DERIVADO DE PETROLEO LTDA-37.063.328/0010-58;100
7001930;FAUSTO PINATO;2020;Combustíveis e lubrificantes;JARJOUR FILIAL - 206 NORTE-00.108.670/0002-07;100
7001986;FAUSTO PINATO;2020;Combustíveis e lubrificantes;AUTO SHOPPING DERIVADO DE PETROLEO LTDA-37.063.328/0010-58;102
7001981;FAUSTO PINATO;2020;Fornecimento de alimentação do parlamentar;ZRC COMERCIO DE ALIMENTOS EIRELI-27.688.239/0001-52;105
7005684;FAUSTO PINATO;2020;Combustíveis e lubrificantes;SAO JOAO POSTOS DE ABASTECIMENTO E SERVICOS LTDA-37.130.481/0001-60;150
0;FAUSTO PINATO;2020;Serviços postais;CORREIOS - CARTA COMERCIAL-00.000.000/0000-07;183,3
0;FAUSTO PINATO;2020;Serviços postais;CORREIOS - CARTA COMERCIAL-00.000.000/0000-07;184,5
6993848;FAUSTO PINATO;2020;Combustíveis e lubrificantes;AUTO POSTO ROMAFS LT-57.796.021/0001-82;918
6995087;FAUSTO PINATO;2020;Combustíveis e lubrificantes;AUTO POSTO BRASIL DE FERNANDOPOLIS LTDA-46.933.438/0001-23;1249,82
7000038;FAUSTO PINATO;2020;Divulgação da atividade parlamentar;PAULO HENRIQUE SORTINO-30.176.691/0001-40;6000
7000077;GENERAL PETERNELLI;2020;Serviço de táxi, pedágio e estacionamento;UBER DO BRASIL TECNOLOGIA LTDA.-17.895.646/0001-87;5,75
6996309;GENERAL PETERNELLI;2020;Serviço de táxi, pedágio e estacionamento;UBER DO BRASIL TECNOLOGIA LTDA.-17.895.646/0001-87;6,84
7000068;GENERAL PETERNELLI;2020;Serviço de táxi, pedágio e estacionamento;UBER DO BRASIL TECNOLOGIA LTDA.-17.895.646/0001-87;7,32
6996304;GENERAL PETERNELLI;2020;Serviço de táxi, pedágio e estacionamento;UBER DO BRASIL TECNOLOGIA LTDA.-17.895.646/0001-87;7,83
6997272;GENERAL PETERNELLI;2020;Serviço de táxi, pedágio e estacionamento;UBER DO BRASIL TECNOLOGIA LTDA.-17.895.646/0001-87;8,12
7000066;GENERAL PETERNELLI;2020;Serviço de táxi, pedágio e estacionamento;UBER DO BRASIL TECNOLOGIA LTDA.-17.895.646/0001-87;8,13
7000072;GENERAL PETERNELLI;2020;Serviço de táxi, pedágio e estacionamento;UBER DO BRASIL TECNOLOGIA LTDA.-17.895.646/0001-87;8,6
7005418;GENERAL PETERNELLI;2020;Serviço de táxi, pedágio e estacionamento;UBER DO BRASIL TECNOLOGIA LTDA.-17.895.646/0001-87;8,82
6996314;GENERAL PETERNELLI;2020;Serviço de táxi, pedágio e estacionamento;UBER DO BRASIL TECNOLOGIA LTDA.-17.895.646/0001-87;9,13
6996310;GENERAL PETERNELLI;2020;Serviço de táxi, pedágio e estacionamento;UBER DO BRASIL TECNOLOGIA LTDA.-17.895.646/0001-87;10,79
6997502;GENERAL PETERNELLI;2020;Fornecimento de alimentação do parlamentar;SILT SELF SERVICE EIRELI ME-07.286.731/0001-94;11,07
6996315;GENERAL PETERNELLI;2020;Serviço de táxi, pedágio e estacionamento;UBER DO BRASIL TECNOLOGIA LTDA.-17.895.646/0001-87;12,03
6996312;GENERAL PETERNELLI;2020;Serviço de táxi, pedágio e estacionamento;UBER DO BRASIL TECNOLOGIA LTDA.-17.895.646/0001-87;12,04
7005442;GENERAL PETERNELLI;2020;Serviço de táxi, pedágio e estacionamento;DERSA - DESENVOLVIMENTO RODOVIARIO S/A-62.464.904/0001-25;12,3
7000076;GENERAL PETERNELLI;2020;Serviço de táxi, pedágio e estacionamento;UBER DO BRASIL TECNOLOGIA LTDA.-17.895.646/0001-87;13,57
7000549;GENERAL PETERNELLI;2020;Serviço de táxi, pedágio e estacionamento;UBER DO BRASIL TECNOLOGIA LTDA.-17.895.646/0001-87;13,94
6996320;GENERAL PETERNELLI;2020;Serviço de táxi, pedágio e estacionamento;UBER DO BRASIL TECNOLOGIA LTDA.-17.895.646/0001-87;14,49
7006444;GENERAL PETERNELLI;2020;Fornecimento de alimentação do parlamentar;SILT SELF SERVICE EIRELI ME-07.286.731/0001-94;14,53
6996319;GENERAL PETERNELLI;2020;Serviço de táxi, pedágio e estacionamento;UBER DO BRASIL TECNOLOGIA LTDA.-17.895.646/0001-87;15,24
7005452;GENERAL PETERNELLI;2020;Fornecimento de alimentação do parlamentar;SILT SELF SERVICE EIRELI ME-07.286.731/0001-94;15,47
6996317;GENERAL PETERNELLI;2020;Serviço de táxi, pedágio e estacionamento;UBER DO BRASIL TECNOLOGIA LTDA.-17.895.646/0001-87;18,15
7005421;GENERAL PETERNELLI;2020;Serviço de táxi, pedágio e estacionamento;UBER DO BRASIL TECNOLOGIA LTDA.-17.895.646/0001-87;18,26
6997273;GENERAL PETERNELLI;2020;Serviço de táxi, pedágio e estacionamento;UBER DO BRASIL TECNOLOGIA LTDA.-17.895.646/0001-87;18,98
7000071;GENERAL PETERNELLI;2020;Serviço de táxi, pedágio e estacionamento;UBER DO BRASIL TECNOLOGIA LTDA.-17.895.646/0001-87;19,73
7005414;GENERAL PETERNELLI;2020;Serviço de táxi, pedágio e estacionamento;UBER DO BRASIL TECNOLOGIA LTDA.-17.895.646/0001-87;23,96
7005433;GENERAL PETERNELLI;2020;Serviço de táxi, pedágio e estacionamento;CONCESSIONARIA ECOVIAS DOS IMIGRANTES S.A.-02.509.491/0001-26;27,4
6997395;GENERAL PETERNELLI;2020;Serviço de táxi, pedágio e estacionamento;CONCESSIONARIA ECOVIAS DOS IMIGRANTES S.A.-02.509.491/0001-26;27,4
6995836;GENERAL PETERNELLI;2020;Manutenção de escritório de apoio à atividade parlamentar;PLENA INFORMATICA LTDA EPP-03.038.875/0001-70;33
6997400;GENERAL PETERNELLI;2020;Manutenção de escritório de apoio à atividade parlamentar;SABESP-43.776.517/0001-80;105,66
6997403;GENERAL PETERNELLI;2020;Manutenção de escritório de apoio à atividade parlamentar;ENEL-61.695.227/0001-93;123,74
7000062;GENERAL PETERNELLI;2020;Telefonia;vivo-02.558.157/0001-62;131,91
7005446;GENERAL PETERNELLI;2020;Combustíveis e lubrificantes;CASCOL COMBUSTIVEIS PARA VEICULOS LTDA-00.306.597/0031-12;150
7005408;GENERAL PETERNELLI;2020;Serviço de táxi, pedágio e estacionamento;CENTRO DE GESTÃO DE MEIOS DE PGTO. LTDA. - SEM PARAR-04.088.208/0001-65;175,3
6995833;GENERAL PETERNELLI;2020;Manutenção de escritório de apoio à atividade parlamentar;PLENA INFORMATICA LTDA EPP-03.038.875/0001-70;252,9
7000083;GENERAL PETERNELLI;2020;Passagens aéreas;LATAM AIRLINES-02.012.862/0001-60;1812,85
0;GENINHO ZULIANI;2020;Serviços postais;CORREIOS - CARTA COMERCIAL-00.000.000/0000-07;5,4
0;GENINHO ZULIANI;2020;Serviços postais;CORREIOS - CARTA COMERCIAL-00.000.000/0000-07;5,4
0;GENINHO ZULIANI;2020;Serviços postais;CORREIOS - CARTA COMERCIAL-00.000.000/0000-07;8,55
6996588;GENINHO ZULIANI;2020;Serviço de táxi, pedágio e estacionamento;ALBERT EINSTEIN-60.765.823/0001-30;20
6997429;GENINHO ZULIANI;2020;Fornecimento de alimentação do parlamentar;TRES DE DEZEMBRO COMÉRCIO DE ALIMENTOS LTDA EPP-01.159.716/0001-07;30,55
6997446;GENINHO ZULIANI;2020;Fornecimento de alimentação do parlamentar;RESTAURANTE E LANCHONETE PAU SECO LTDA-51.789.634/0001-06;32,5
6997441;GENINHO ZULIANI;2020;Fornecimento de alimentação do parlamentar;GENERAL PARAISO BUFFET LTDA-13.232.868/0001-69;39,4
0;GENINHO ZULIANI;2020;Serviços postais;CORREIOS - ENCOMENDA PAC-00.000.000/0000-07;44,63
6994480;GENINHO ZULIANI;2020;Serviço de táxi, pedágio e estacionamento;UBER-17.895.646/0006-91;48,02
6997451;GENINHO ZULIANI;2020;Fornecimento de alimentação do parlamentar;GUILHERME JOSE DE ARAUJO CHURRASCARIA-05.541.678/0001-03;50
0;GENINHO ZULIANI;2020;Serviços postais;CORREIOS - SEDEX 10-00.000.000/0000-07;66,3
6993425;GENINHO ZULIANI;2020;Manutenção de escritório de apoio à atividade parlamentar;VIA RADIO INTERNET BANDA LARGA LTDA -ME-08.949.388/0001-83;69,9
0;GENINHO ZULIANI;2020;Serviços postais;CORREIOS - CARTA REGISTRADA COM AR-00.000.000/0000-07;71
6997498;GENINHO ZULIANI;2020;Combustíveis e lubrificantes;DAVID DE OLIVEIRA COMERCIO DE COMBUSTIVEIS EIRELI-21.614.653/0001-30;92,03
0;GENINHO ZULIANI;2020;Serviços postais;CORREIOS - SEDEX 12 COM AR-00.000.000/0000-07;92,85
6993426;GENINHO ZULIANI;2020;Manutenção de escritório de apoio à atividade parlamentar;COMPANHIA PAULISTA DE FORÇA E LUZ-33.050.196/0001-88;134,89
0;GENINHO ZULIANI;2020;Serviços postais;CORREIOS - CARTA COMERCIAL-00.000.000/0000-07;148,2
6994598;GENINHO ZULIANI;2020;Combustíveis e lubrificantes;AUTO POSTO CERGAL LTDA-49.710.551/0001-38;161,01
6996124;GENINHO ZULIANI;2020;Telefonia;TELEFÔNICA BRASIL S.A. VIVO-02.558.157/0001-62;167,67
6997460;GENINHO ZULIANI;2020;Combustíveis e lubrificantes;AUTO POSTO HARMONIA LTDA-28.575.576/0001-04;169,45
6997525;GENINHO ZULIANI;2020;Combustíveis e lubrificantes;HS COMERCIO DE PRODUTOS DERIVADOS DE PETROLEO LTDA-06.275.215/0001-00;198,1
6997465;GENINHO ZULIANI;2020;Combustíveis e lubrificantes;AUTO POSTO PUTTINI LTDA-20.419.205/0001-13;209,25
6997518;GENINHO ZULIANI;2020;Combustíveis e lubrificantes;POSTO DE COMBUSTIVEIS 310 SUL LTDA-32.590.257/0001-37;210
6994594;GENINHO ZULIANI;2020;Combustíveis e lubrificantes;ESPANHA SERVICOS AUTOMOTIVOS LTDA-09.721.521/0001-02;212,7
6994532;GENINHO ZULIANI;2020;Combustíveis e lubrificantes;DAVID DE OLIVEIRA COMERCIO DE COMBUSTIVEIS EIRELI-21.614.653/0001-30;215,88
6997720;GENINHO ZULIANI;2020;Combustíveis e lubrificantes;APLAUSO AUTO POSTO LT-00.016.966/0001-17;218,23
6994619;GENINHO ZULIANI;2020;Combustíveis e lubrificantes;AUTO POSTO CERGAL LTDA-49.710.551/0001-38;221,04
6994592;GENINHO ZULIANI;2020;Combustíveis e lubrificantes;AUTO POSTO PUTTINI LTDA-20.419.205/0001-13;231
6997513;GENINHO ZULIANI;2020;Combustíveis e lubrificantes;AUTO POSTO PUTTINI LTDA-20.419.205/0001-13;238
6997508;GENINHO ZULIANI;2020;Combustíveis e lubrificantes;DAVID DE OLIVEIRA COMERCIO DE COMBUSTIVEIS EIRELI-21.614.653/0001-30;240,76
6997469;GENINHO ZULIANI;2020;Combustíveis e lubrificantes;AUTO POSTO CERGAL LTDA-49.710.551/0001-38;243,02
6994588;GENINHO ZULIANI;2020;Combustíveis e lubrificantes;CENTRO AUTOMOTIVO DESCAMPADO LTDA-14.373.766/0001-26;254,87
6997485;GENINHO ZULIANI;2020;Combustíveis e lubrificantes;AUTO POSTO REI DO SUCO 2 LTDA-19.178.828/0001-62;256,06
6994595;GENINHO ZULIANI;2020;Combustíveis e lubrificantes;DAVID DE OLIVEIRA COMERCIO DE COMBUSTIVEIS EIRELI-21.614.653/0001-30;257,31
6997477;GENINHO ZULIANI;2020;Combustíveis e lubrificantes;POSTO Z+Z HIDROLANDIA LTDA - EPP-22.132.761/0001-30;258,62
6994490;GENINHO ZULIANI;2020;Combustíveis e lubrificantes;AUTO POSTO GOLDEN GAS 202 LTDA-30.880.112/0001-45;260,72
6997511;GENINHO ZULIANI;2020;Combustíveis e lubrificantes;AUTO POSTO GRANERO LTDA-05.468.615/0001-60;266,21
6993467;GENINHO ZULIANI;2020;Manutenção de escritório de apoio à atividade parlamentar;WMS COMERCIO DE ARTIGOS DE PAPELARIA LTDA-ME-12.132.854/0001-00;525,9
6994564;GENINHO ZULIANI;2020;Manutenção de escritório de apoio à atividade parlamentar;AMORETTO CAFES EXPRESSO LTDA-08.532.429/0001-31;662,8
6999244;GENINHO ZULIANI;2020;Passagens aéreas;GOL LINHAS AEREAS S.A.-07.575.651/0001-59;1293,36
6992729;GENINHO ZULIANI;2020;Divulgação da atividade parlamentar;MADALHANO E NUNES LTDA-08.932.076/0001-67;7000
7002717;GILBERTO NASCIMENTO;2020;Manutenção de escritório de apoio à atividade parlamentar;CONDE & DELL ARINGA - DES DE SOFTWARES-09.613.772/0001-73;505
7001718;GILBERTO NASCIMENTO;2020;Manutenção de escritório de apoio à atividade parlamentar;CONDE & DELL ARINGA - DES DE SOFTWARES-09.613.772/0001-73;505
7006739;GILBERTO NASCIMENTO;2020;Combustíveis e lubrificantes;POSTO DA TORRE EIRELI - EPP-04.473.193/0001-59;700
7003370;GILBERTO NASCIMENTO;2020;Combustíveis e lubrificantes;POSTO DE SERVICOS CHICAJULIA LT-43.911.106/0001-50;3535,69
7001692;GILBERTO NASCIMENTO;2020;Consultorias, pesquisas e trabalhos técnicos;WRIGHT MINUSSI SOCIEDADE INDIVIDUAL DE ADVOCACIA-33.132.208/0001-13;7000
7004187;GUIGA PEIXOTO;2020;Telefonia;TELEFONICA BRASIL S.A. VIVO-02.558.157/0001-62;54,99
7004196;GUIGA PEIXOTO;2020;Telefonia;TELEFONICA BRASIL S.A. VIVO-02.558.157/0001-62;69,99
7005029;GUIGA PEIXOTO;2020;Manutenção de escritório de apoio à atividade parlamentar;Ramos e Souza Empreendimentos Imobiliários Ltda ME-16.965.817/0001-34;200
7006410;GUIGA PEIXOTO;2020;Telefonia;VIVO TELEFONICA BRASIL S.A.-02.558.157/0001-62;319,99
7004301;GUIGA PEIXOTO;2020;Manutenção de escritório de apoio à atividade parlamentar;SISNETTI INTEGRADORA DE SOLUCOES LTDA-01.319.851/0001-64;720
7005030;GUIGA PEIXOTO;2020;Manutenção de escritório de apoio à atividade parlamentar;Ramos e Souza Empreendimentos Imobiliários Ltda ME-16.965.817/0001-34;1800
7001347;GUILHERME DERRITE;2020;Manutenção de escritório de apoio à atividade parlamentar;VENEZA EMPREENDIMENTOS IMOBILIÁRIOS LTDA-05.965.326/0001-77;2000
7006585;GUILHERME DERRITE;2020;Consultorias, pesquisas e trabalhos técnicos;SOCIEDADE MILER E ARAUJO ADVOGADOS ASSOCIADOS-24.812.662/0001-24;10000
0;HERCULANO PASSOS;2020;Serviços postais;CORREIOS - CARTA COMERCIAL-00.000.000/0000-07;2,05
0;HERCULANO PASSOS;2020;Serviços postais;CORREIOS - SEDEX CONVENCIONAL COM AR-00.000.000/0000-07;58,51
0;HERCULANO PASSOS;2020;Serviços postais;CORREIOS - SEDEX CONVENCIONAL-00.000.000/0000-07;70,92
0;HERCULANO PASSOS;2020;Serviços postais;CORREIOS - ENCOMENDA PAC-00.000.000/0000-07;216,55
1723534;HERCULANO PASSOS;2020;Emissão bilhete aéreo;Cia Aérea - AZUL-09.296.295/0001-60;372,57
1723535;HERCULANO PASSOS;2020;Emissão bilhete aéreo;Cia Aérea - AZUL-09.296.295/0001-60;388,28
6994828;HERCULANO PASSOS;2020;Manutenção de escritório de apoio à atividade parlamentar;WMS COMERCIO DE ARTIGOS DE PAPELARIA LTDA-ME-12.132.854/0001-00;591,6
0;HERCULANO PASSOS;2020;Serviços postais;CORREIOS - ENCOMENDA PAC-00.000.000/0000-07;776,47
7009051;HERCULANO PASSOS;2020;Manutenção de escritório de apoio à atividade parlamentar;residencial administração e gestão de propriedades imobiliarias ltda-58.980.251/0001-60;3778,97
7009053;HERCULANO PASSOS;2020;Divulgação da atividade parlamentar;POTERE PUBLICIDADE E MARKETING LTDA-31.319.942/0001-60;10500
7009049;HERCULANO PASSOS;2020;Divulgação da atividade parlamentar;joselito gonçalves silva-13.617.381/0001-02;15041,5
0;IVAN VALENTE;2020;Serviços postais;CORREIOS - SEDEX CONVENCIONAL-00.000.000/0000-07;35,46
0;IVAN VALENTE;2020;Serviços postais;CORREIOS - ENCOMENDA PAC-00.000.000/0000-07;473,12
0;JOICE HASSELMANN;2020;Serviços postais;CORREIOS - SEDEX CONVENCIONAL-00.000.000/0000-07;35,1
0;JOICE HASSELMANN;2020;Serviços postais;CORREIOS - SEDEX CONVENCIONAL-00.000.000/0000-07;35,46
0;JOICE HASSELMANN;2020;Serviços postais;CORREIOS - SEDEX 10-00.000.000/0000-07;72,3
0;JOICE HASSELMANN;2020;Serviços postais;CORREIOS - SEDEX 10-00.000.000/0000-07;72,3
7005476;JOICE HASSELMANN;2020;Combustíveis e lubrificantes;CASCOL COMBUSTIVEIS PARA VEICULOS LTDA-00.306.597/0032-01;267,08
7006338;JOICE HASSELMANN;2020;Manutenção de escritório de apoio à atividade parlamentar;VIVO TELEFONICA BRASIL S.A.-02.558.157/0001-62;370,78
7006543;JOICE HASSELMANN;2020;Telefonia;VIVO TELEFONICA BRASIL S.A.-02.558.157/0001-62;1104,52
7003002;JOICE HASSELMANN;2020;Divulgação da atividade parlamentar;ELISA GOMES DE OLIVEIRA DE MORAIS-17.913.040/0001-27;2500
0;JÚNIOR BOZZELLA;2020;Serviços postais;CORREIOS - SEDEX CONVENCIONAL-00.000.000/0000-07;35,46
0;JÚNIOR BOZZELLA;2020;Serviços postais;CORREIOS - ENCOMENDA PAC-00.000.000/0000-07;330,86
7002398;JÚNIOR BOZZELLA;2020;Combustíveis e lubrificantes;SUPER POSTO 800 MILHAS LTDA-46.788.600/0001-67;373,4
0;LUIZ CARLOS MOTTA;2020;Serviços postais;CORREIOS - SEDEX CONVENCIONAL-00.000.000/0000-07;38,63
6992683;LUIZ CARLOS MOTTA;2020;Manutenção de escritório de apoio à atividade parlamentar;Condomínio Navarro Building-26.823.748/0001-88;384,9
6992686;LUIZ CARLOS MOTTA;2020;Manutenção de escritório de apoio à atividade parlamentar;Condomínio Navarro Building-26.823.748/0001-88;401,15
7001286;LUIZ CARLOS MOTTA;2020;Manutenção de escritório de apoio à atividade parlamentar;SOLARYS SOLUCOES DIGITAIS LTDA-08.648.207/0001-89;900
0;LUIZ FLÁVIO GOMES;2020;Serviços postais;CORREIOS - CARTA COMERCIAL-00.000.000/0000-07;9,25
0;LUIZ FLÁVIO GOMES;2020;Serviços postais;CORREIOS - ENCOMENDA PAC-00.000.000/0000-07;23,2
0;LUIZ FLÁVIO GOMES;2020;Serviços postais;CORREIOS - CARTA COMERCIAL-00.000.000/0000-07;27,75
0;LUIZ FLÁVIO GOMES;2020;Serviços postais;CORREIOS - CARTA COMERCIAL-00.000.000/0000-07;27,75
0;LUIZ FLÁVIO GOMES;2020;Serviços postais;CORREIOS - SEDEX CONVENCIONAL-00.000.000/0000-07;36,94
0;LUIZ FLÁVIO GOMES;2020;Serviços postais;CORREIOS - SEDEX CONVENCIONAL-00.000.000/0000-07;38,43
0;LUIZ FLÁVIO GOMES;2020;Serviços postais;CORREIOS - SEDEX CONVENCIONAL-00.000.000/0000-07;46,34
0;LUIZ FLÁVIO GOMES;2020;Serviços postais;CORREIOS - CARTA COMERCIAL-00.000.000/0000-07;53,1
0;LUIZ FLÁVIO GOMES;2020;Serviços postais;CORREIOS - SEDEX 10-00.000.000/0000-07;66,3
0;LUIZ FLÁVIO GOMES;2020;Serviços postais;CORREIOS - SEDEX 10-00.000.000/0000-07;66,3
0;LUIZ FLÁVIO GOMES;2020;Serviços postais;CORREIOS - SEDEX 10-00.000.000/0000-07;66,3
0;LUIZ FLÁVIO GOMES;2020;Serviços postais;CORREIOS - SEDEX 10-00.000.000/0000-07;66,3
0;LUIZ FLÁVIO GOMES;2020;Serviços postais;CORREIOS - SEDEX 10-00.000.000/0000-07;66,3
0;LUIZ FLÁVIO GOMES;2020;Serviços postais;CORREIOS - SEDEX CONVENCIONAL-00.000.000/0000-07;81,8
7004247;LUIZ LAURO FILHO;2020;Serviços postais;EMP DE CORREIOS E TELEGRAFOS NOVA ODESSA-34.028.316/3062-96;72,3
6999530;LUIZ LAURO FILHO;2020;Combustíveis e lubrificantes;AUTO POSTO MORRO AZUL DE ITATIBA LTDA-00.599.333/0001-89;100
7004171;LUIZ LAURO FILHO;2020;Combustíveis e lubrificantes;AFONSO MONTEIRO POSTO DE SERVICO LT-57.473.191/0001-26;130,01
7005249;LUIZ LAURO FILHO;2020;Combustíveis e lubrificantes;POSTO SAO JORGE CAMPINAS LT-59.824.052/0001-25;178,93
7004124;LUIZ LAURO FILHO;2020;Combustíveis e lubrificantes;CARREFOUR COM. E IND. LTDA-45.543.915/0348-33;200
7004161;LUIZ LAURO FILHO;2020;Combustíveis e lubrificantes;SERV. POSTO JARDIM MIRIAM LTDA-02.866.419/0001-56;229,4
7005146;LUIZ LAURO FILHO;2020;Combustíveis e lubrificantes;POSTO PARQUE TAQUARAL LTDA-59.305.383/0001-59;232
7004181;LUIZ LAURO FILHO;2020;Combustíveis e lubrificantes;AUTO POSTO DA LAGOA LTDA-49.607.039/0001-60;245,05
7004175;LUIZ LAURO FILHO;2020;Combustíveis e lubrificantes;SAO MARTINHO AUTO SERVICE LT-02.078.330/0001-25;248,67
7004165;LUIZ LAURO FILHO;2020;Combustíveis e lubrificantes;M&C MARQUES SERVIÇOS AUTOMOTIVOS LTDA-01.146.169/0001-17;250,02
0;LUIZA ERUNDINA;2020;Serviços postais;CORREIOS - SEDEX CONVENCIONAL-00.000.000/0000-07;35,46
0;LUIZA ERUNDINA;2020;Serviços postais;CORREIOS - SEDEX CONVENCIONAL-00.000.000/0000-07;36,94
0;LUIZA ERUNDINA;2020;Serviços postais;CORREIOS - SEDEX CONVENCIONAL COM AR-00.000.000/0000-07;41,21
0;LUIZA ERUNDINA;2020;Serviços postais;CORREIOS - SEDEX CONVENCIONAL-00.000.000/0000-07;50
0;LUIZA ERUNDINA;2020;Serviços postais;CORREIOS - SEDEX CONVENCIONAL-00.000.000/0000-07;63,1
0;LUIZA ERUNDINA;2020;Serviços postais;CORREIOS - SEDEX CONVENCIONAL-00.000.000/0000-07;66,3
0;LUIZA ERUNDINA;2020;Serviços postais;CORREIOS - SEDEX CONVENCIONAL-00.000.000/0000-07;66,3
0;LUIZA ERUNDINA;2020;Serviços postais;CORREIOS - SEDEX 10-00.000.000/0000-07;66,3
0;LUIZA ERUNDINA;2020;Serviços postais;CORREIOS - SEDEX 10-00.000.000/0000-07;66,3
0;LUIZA ERUNDINA;2020;Serviços postais;CORREIOS - SEDEX 10-00.000.000/0000-07;66,3
0;LUIZA ERUNDINA;2020;Serviços postais;CORREIOS - SEDEX 10-00.000.000/0000-07;66,3
0;LUIZA ERUNDINA;2020;Serviços postais;CORREIOS - SEDEX 10-00.000.000/0000-07;66,3
6992074;LUIZA ERUNDINA;2020;Combustíveis e lubrificantes;AUTO POSTO MARINHEIRO LTDA-61.161.246/0001-30;1062,58
6996130;MARCIO ALVINO;2020;Manutenção de escritório de apoio à atividade parlamentar;RICARDO MORETTI-154.427.988-43;2700
1723519;MARCO BERTAIOLLI;2020;Emissão bilhete aéreo;Cia Aérea - AZUL-09.296.295/0001-60;320,59
0;MARCOS PEREIRA;2020;Serviços postais;CORREIOS - SEDEX CONVENCIONAL-00.000.000/0000-07;35,46
0;MARCOS PEREIRA;2020;Serviços postais;CORREIOS - SEDEX CONVENCIONAL-00.000.000/0000-07;35,46
0;MARCOS PEREIRA;2020;Serviços postais;CORREIOS - SEDEX CONVENCIONAL-00.000.000/0000-07;70
0;MARCOS PEREIRA;2020;Serviços postais;CORREIOS - SEDEX 10 COM AR-00.000.000/0000-07;70
6999480;MARCOS PEREIRA;2020;Manutenção de escritório de apoio à atividade parlamentar;WMS COMERCIO DE ARTIGOS DE PAPELARIA LTDA-ME-12.132.854/0001-00;140,3
7002606;MARCOS PEREIRA;2020;Combustíveis e lubrificantes;CHIESA PARQUE INDUSTRIAL COMBUSTIVEIS LTDA-13.723.910/0001-44;140,97
7002601;MARCOS PEREIRA;2020;Combustíveis e lubrificantes;JOSE CARLOS DENADAI e CIA LTDA-06.893.488/0001-00;150
6996240;MARCOS PEREIRA;2020;Manutenção de escritório de apoio à atividade parlamentar;AMORETTO CAFES EXPRESSO LTDA-08.532.429/0001-31;534,6
6999745;MARCOS PEREIRA;2020;Manutenção de escritório de apoio à atividade parlamentar;CARLOS CAVALCANTE DE SOUSA-014.600.688-74;3800
7005080;MARCOS PEREIRA;2020;Divulgação da atividade parlamentar;EDN PRODUÇÕES CULTURAIS E ARTÍSTICAS LTDA-09.218.758/0001-75;10000
0;MARIA ROSAS;2020;Serviços postais;CORREIOS - SEDEX 10 COM AR-00.000.000/0000-07;72,05
0;MARIA ROSAS;2020;Serviços postais;CORREIOS - SEDEX 10 COM AR-00.000.000/0000-07;72,05
0;MARIA ROSAS;2020;Serviços postais;CORREIOS - SEDEX 10 COM AR-00.000.000/0000-07;72,05
0;MARIA ROSAS;2020;Serviços postais;CORREIOS - SEDEX 10 COM AR-00.000.000/0000-07;72,05
0;MARIA ROSAS;2020;Serviços postais;CORREIOS - SEDEX 10 COM AR-00.000.000/0000-07;72,05
6996017;MARIA ROSAS;2020;Manutenção de escritório de apoio à atividade parlamentar;ENEL-61.695.227/0001-93;125,12
0;MARIA ROSAS;2020;Serviços postais;CORREIOS - ENCOMENDA PAC-00.000.000/0000-07;524,6
7000299;MARIA ROSAS;2020;Divulgação da atividade parlamentar;ALINE SIQUEIRA SANTOS-35.812.568/0001-91;800
7000479;MARIA ROSAS;2020;Manutenção de escritório de apoio à atividade parlamentar;NOVAMÉRICA OFFICE PARK - TOWER PARK-17.496.292/0001-06;902,76
6996300;MARIA ROSAS;2020;Combustíveis e lubrificantes;BELA VISTA COMERCIO VAREJISTA DE COMBUSTIVEIS LTD-10.356.701/0001-11;1187,96
6999559;MARIA ROSAS;2020;Manutenção de escritório de apoio à atividade parlamentar;CARLOS JOSÉ FECURI-127.288.168-75;2400
6997677;MIGUEL HADDAD;2020;Telefonia;TELEFÔNICA BRASIL S.A. VIVO-02.558.157/0001-62;519,97
6998847;MIGUEL LOMBARDI;2020;Serviços postais;S.W.L.MODAS LTDA - EPP-61.041.604/0001-70;35,1
6998827;MIGUEL LOMBARDI;2020;Combustíveis e lubrificantes;POSTO IMPERADOR D PEDRO I LTDA-06.346.272/0001-24;50
6994110;MIGUEL LOMBARDI;2020;Combustíveis e lubrificantes;CENTRO DE SERVS FRANGO ASSADO NORTE LT-02.896.671/0003-70;50
6997692;MIGUEL LOMBARDI;2020;Combustíveis e lubrificantes;AUTO POSTO PARQUE DOS SABIAS LTDA-18.985.125/0001-83;70
6998803;MIGUEL LOMBARDI;2020;Combustíveis e lubrificantes;AUTO POSTO MIRANTE LIMEIRA LTDA-01.090.792/0001-03;108
7001854;MIGUEL LOMBARDI;2020;Combustíveis e lubrificantes;AUTO POSTO 109 NORTE LTDA-05.849.569/0001-40;120
6998833;MIGUEL LOMBARDI;2020;Combustíveis e lubrificantes;AUTO POSTO MIRANTE LIMEIRA LTDA-01.090.792/0001-03;123
6998836;MIGUEL LOMBARDI;2020;Combustíveis e lubrificantes;AUTO POSTO MIRANTE LIMEIRA LTDA-01.090.792/0001-03;127
6998796;MIGUEL LOMBARDI;2020;Combustíveis e lubrificantes;POSTO DA FONTE LT-43.264.381/0001-29;133,37
7000114;MIGUEL LOMBARDI;2020;Combustíveis e lubrificantes;AUTO SHOPPING DER DE PETROLEO LTDA-37.063.328/0023-72;150
6997337;MIGUEL LOMBARDI;2020;Assinatura de publicações;GAZETA DE LIMEIRA LTDA-51.474.872/0001-22;168
0;MIGUEL LOMBARDI;2020;Serviços postais;CORREIOS - SEDEX CONVENCIONAL-00.000.000/0000-07;938,15
0;MILTON VIEIRA;2020;Serviços postais;CORREIOS - SEDEX CONVENCIONAL COM AR-00.000.000/0000-07;22
0;MILTON VIEIRA;2020;Serviços postais;CORREIOS - SEDEX CONVENCIONAL-00.000.000/0000-07;22
0;MILTON VIEIRA;2020;Serviços postais;CORREIOS - SEDEX CONVENCIONAL-00.000.000/0000-07;22
0;MILTON VIEIRA;2020;Serviços postais;CORREIOS - SEDEX CONVENCIONAL-00.000.000/0000-07;31,07
0;MILTON VIEIRA;2020;Serviços postais;CORREIOS - SEDEX CONVENCIONAL-00.000.000/0000-07;35,1
0;MILTON VIEIRA;2020;Serviços postais;CORREIOS - SEDEX CONVENCIONAL-00.000.000/0000-07;35,46
0;MILTON VIEIRA;2020;Serviços postais;CORREIOS - SEDEX CONVENCIONAL-00.000.000/0000-07;35,46
7004530;MILTON VIEIRA;2020;Locação ou fretamento de veículos automotores;PANTANAL VEÍCULOS LTDA-07.319.323/0001-91;1213
6995115;MILTON VIEIRA;2020;Divulgação da atividade parlamentar;OSVALDO LEANDRO LIMA DE DOMENICO-28.639.545/0001-61;3500
6996533;MILTON VIEIRA;2020;Locação ou fretamento de veículos automotores;SUSAN KELLY VILANOVA PASSOS GONCALVES-ME-30.054.014/0001-59;4700
6996547;MILTON VIEIRA;2020;Manutenção de escritório de apoio à atividade parlamentar;RIALTO IMÓVEIS E EMPREENDIMENTOS LTDA-46.640.603/0001-59;4900
7004003;MILTON VIEIRA;2020;Locação ou fretamento de veículos automotores;PANTANAL VEÍCULOS LTDA-07.319.323/0001-91;6800
7001786;NILTO TATTO;2020;Serviço de táxi, pedágio e estacionamento;UBER DO BRASIL TECNOLOGIA LTDA.-17.895.646/0001-87;6
7001695;NILTO TATTO;2020;Serviço de táxi, pedágio e estacionamento;UBER DO BRASIL TECNOLOGIA LTDA.-17.895.646/0001-87;13,09
7001781;NILTO TATTO;2020;Serviço de táxi, pedágio e estacionamento;UBER DO BRASIL TECNOLOGIA LTDA.-17.895.646/0001-87;13,9
7001682;NILTO TATTO;2020;Serviço de táxi, pedágio e estacionamento;UBER DO BRASIL TECNOLOGIA LTDA.-17.895.646/0001-87;15,1
7001777;NILTO TATTO;2020;Serviço de táxi, pedágio e estacionamento;UBER DO BRASIL TECNOLOGIA LTDA.-17.895.646/0001-87;18,04
7001766;NILTO TATTO;2020;Serviço de táxi, pedágio e estacionamento;UBER DO BRASIL TECNOLOGIA LTDA.-17.895.646/0001-87;20,14
7001747;NILTO TATTO;2020;Serviço de táxi, pedágio e estacionamento;UBER DO BRASIL TECNOLOGIA LTDA.-17.895.646/0001-87;22,62
7001716;NILTO TATTO;2020;Serviço de táxi, pedágio e estacionamento;UBER DO BRASIL TECNOLOGIA LTDA.-17.895.646/0001-87;22,82
7001740;NILTO TATTO;2020;Serviço de táxi, pedágio e estacionamento;UBER DO BRASIL TECNOLOGIA LTDA.-17.895.646/0001-87;23,46
7003405;NILTO TATTO;2020;Telefonia;VIVO S/A-02.558.157/0001-62;25,68
7001669;NILTO TATTO;2020;Serviço de táxi, pedágio e estacionamento;UBER DO BRASIL TECNOLOGIA LTDA.-17.895.646/0001-87;31,16
7006899;NILTO TATTO;2020;Fornecimento de alimentação do parlamentar;PADARIA E CONVENIENCIA SILVEIRA LTDA-11.379.600/0001-29;31,88
7001710;NILTO TATTO;2020;Serviço de táxi, pedágio e estacionamento;UBER DO BRASIL TECNOLOGIA LTDA.-17.895.646/0001-87;33,13
7006914;NILTO TATTO;2020;Fornecimento de alimentação do parlamentar;PADARIA E CONVENIENCIA SILVEIRA LTDA-11.379.600/0001-29;42,52
7006880;NILTO TATTO;2020;Fornecimento de alimentação do parlamentar;RESTAURANTE E CHURRASCARIA DO ALEMÃO-00.936.842/0001-50;44
7005592;NILTO TATTO;2020;Serviços postais;EMPRESA BRASILEIRA DE CORREIOS E TELEGRAFOS-34.028.316/1070-99;49,8
7005582;NILTO TATTO;2020;Serviços postais;EMPRESA BRASILEIRA DE CORREIOS E TELEGRAFOS-34.028.316/1070-99;49,8
7003557;NILTO TATTO;2020;Manutenção de escritório de apoio à atividade parlamentar;ENEL-61.695.227/0001-93;63,88
7004711;NILTO TATTO;2020;Fornecimento de alimentação do parlamentar;SERVICO NACIONAL DE APRENDIZAGEM COMERCIAL SENAC-33.469.172/0016-44;67,43
7004704;NILTO TATTO;2020;Fornecimento de alimentação do parlamentar;SERVICO NACIONAL DE APRENDIZAGEM COMERCIAL SENAC-33.469.172/0016-44;67,43
7001704;NILTO TATTO;2020;Serviço de táxi, pedágio e estacionamento;UBER DO BRASIL TECNOLOGIA LTDA.-17.895.646/0001-87;105,83
7003528;NILTO TATTO;2020;Hospedagem ,exceto do parlamentar no distrito federal;CARDUM PALACE HOTEL LTDA -EPP-67.510.990/0001-89;129
7007025;NILTO TATTO;2020;Combustíveis e lubrificantes;CAETANO & MANIKA LTDA.-00.681.918/0001-43;130,03
7003536;NILTO TATTO;2020;Hospedagem ,exceto do parlamentar no distrito federal;Hotel Premier LTDA-34.622.169/0001-03;146,9
7007045;NILTO TATTO;2020;Combustíveis e lubrificantes;POSTO RODOSERV LT-01.072.194/0001-01;176,01
7007041;NILTO TATTO;2020;Combustíveis e lubrificantes;AUTO POSTO AGULHAS NEGRAS LTDA-08.877.175/0001-93;176,14
7007063;NILTO TATTO;2020;Combustíveis e lubrificantes;AUTO POSTO CARLU LT-43.187.418/0001-62;179,74
7007066;NILTO TATTO;2020;Combustíveis e lubrificantes;AUTO POSTO PETROPEN LTDA-82.600.834/0001-00;184,1
7007030;NILTO TATTO;2020;Combustíveis e lubrificantes;POSTO DE SERVIÇOS ANTONIO PAES LTDA-62.409.305/0001-09;187,45
7007014;NILTO TATTO;2020;Combustíveis e lubrificantes;AUTO POSTO APIAI LTDA-50.337.104/0001-64;188,01
7007052;NILTO TATTO;2020;Combustíveis e lubrificantes;POSTO DE ENERGIA AUTOMOTIVA LTDA-19.499.974/0001-90;210,06
7001650;NILTO TATTO;2020;Serviço de táxi, pedágio e estacionamento;CENTRO DE GESTÃO DE MEIOS DE PGTO. LTDA. - SEM PARAR-04.088.208/0001-65;238,14
7003456;NILTO TATTO;2020;Telefonia;VIVO S/A-02.558.157/0001-62;336,11
7003533;NILTO TATTO;2020;Hospedagem ,exceto do parlamentar no distrito federal;Gold Inn Hotel-22.707.399/0001-88;373
7004224;NILTO TATTO;2020;Passagens aéreas;GOL LINHAS AEREAS S.A.-07.575.651/0001-59;390,57
7003431;NILTO TATTO;2020;Telefonia;VIVO S/A-02.558.157/0001-62;390,93
7004352;NILTO TATTO;2020;Passagens aéreas;GOL LINHAS AEREAS S.A.-07.575.651/0001-59;449,85
7006370;NILTO TATTO;2020;Manutenção de escritório de apoio à atividade parlamentar;Kalunga Comercio e Industria Grafica Ltda-43.283.811/0177-10;794,65
7004461;NILTO TATTO;2020;Passagens aéreas;GOL LINHAS AEREAS S.A.-07.575.651/0001-59;907,9
7003379;NILTO TATTO;2020;Manutenção de escritório de apoio à atividade parlamentar;LELLO LOCAÇÃO E VENDAS LTDA-00.100.765/0001-01;1028,35
7003961;NILTO TATTO;2020;Passagens aéreas;GOL LINHAS AEREAS S.A.-07.575.651/0001-59;1052,52
7003390;NILTO TATTO;2020;Manutenção de escritório de apoio à atividade parlamentar;ATTBRASIL TECNOLOGIA LOCAÇÃO E SOLUÇÕES EM INFORMÁTICA LTDA-EPP-22.392.165/0001-99;1295
7003414;NILTO TATTO;2020;Telefonia;VIVO S/A-02.558.157/0001-62;1347,88
7001423;NILTO TATTO;2020;Divulgação da atividade parlamentar;VISTAR PRESTACAO DE SERVICOS DE DIGITACAO LTDA-08.689.647/0001-84;4000
7001422;NILTO TATTO;2020;Divulgação da atividade parlamentar;VISTAR PRESTACAO DE SERVICOS DE DIGITACAO LTDA-08.689.647/0001-84;4500
7001421;NILTO TATTO;2020;Divulgação da atividade parlamentar;VISTAR PRESTACAO DE SERVICOS DE DIGITACAO LTDA-08.689.647/0001-84;4500
6999292;ORLANDO SILVA;2020;Serviço de táxi, pedágio e estacionamento;COOPERATIVA DOS TAXISTAS AUT. DO DIST. FEDERAL-38.069.159/0001-35;27
0;ORLANDO SILVA;2020;Serviços postais;CORREIOS - SEDEX CONVENCIONAL-00.000.000/0000-07;35,46
6999472;ORLANDO SILVA;2020;Manutenção de escritório de apoio à atividade parlamentar;WORKS INFORMÁTICA COMERCIAL LTDA.-00.320.065/0001-14;720
0;PAULO FREIRE COSTA;2020;Serviços postais;CORREIOS - CAIXA DE ENCOMENDAS BÁSICA/CONVENCIONAL-00.000.000/0000-07;15,8
0;PAULO FREIRE COSTA;2020;Serviços postais;CORREIOS - CAIXA DE ENCOMENDAS BÁSICA/CONVENCIONAL-00.000.000/0000-07;22,15
0;PAULO FREIRE COSTA;2020;Serviços postais;CORREIOS - SEDEX CONVENCIONAL-00.000.000/0000-07;38,43
0;PAULO FREIRE COSTA;2020;Serviços postais;CORREIOS - SEDEX CONVENCIONAL-00.000.000/0000-07;54,23
0;PAULO FREIRE COSTA;2020;Serviços postais;CORREIOS - SEDEX CONVENCIONAL-00.000.000/0000-07;63,33
0;PAULO FREIRE COSTA;2020;Serviços postais;CORREIOS - SEDEX CONVENCIONAL-00.000.000/0000-07;95,1
0;PAULO FREIRE COSTA;2020;Serviços postais;CORREIOS - SEDEX CONVENCIONAL-00.000.000/0000-07;95,1
1723524;PAULO FREIRE COSTA;2020;Emissão bilhete aéreo;Cia Aérea - AZUL-09.296.295/0001-60;342,85
1723526;PAULO FREIRE COSTA;2020;Emissão bilhete aéreo;Cia Aérea - AZUL-09.296.295/0001-60;352,85
1723525;PAULO FREIRE COSTA;2020;Emissão bilhete aéreo;Cia Aérea - AZUL-09.296.295/0001-60;428,85
1723540;PAULO FREIRE COSTA;2020;Emissão bilhete aéreo;Cia Aérea - AZUL-09.296.295/0001-60;1870,28
1723539;PAULO FREIRE COSTA;2020;Emissão bilhete aéreo;Cia Aérea - AZUL-09.296.295/0001-60;1925,28
1723509;PAULO FREIRE COSTA;2020;Emissão bilhete aéreo;Cia Aérea - AZUL-09.296.295/0001-60;3519,85
6995926;PAULO FREIRE COSTA;2020;Locação ou fretamento de veículos automotores;NIDOTTI & PAIVA TRANSPORTES, LOCACAO E TURISMO LTDA-02.629.260/0001-56;5500
0;PAULO PEREIRA DA SILVA;2020;Serviços postais;CORREIOS - SEDEX CONVENCIONAL-00.000.000/0000-07;38,43
7001969;PAULO PEREIRA DA SILVA;2020;Combustíveis e lubrificantes;CRUZEIRO COMBUSTIVEIS E SERVICOS S/A-26.991.067/0001-29;50
7001963;PAULO PEREIRA DA SILVA;2020;Combustíveis e lubrificantes;BRASAL COMBUSTIVEIS LTDA-00.097.626/0003-20;50
0;PAULO PEREIRA DA SILVA;2020;Serviços postais;CORREIOS - SEDEX CONVENCIONAL-00.000.000/0000-07;57,65
7001975;PAULO PEREIRA DA SILVA;2020;Combustíveis e lubrificantes;CRUZEIRO COMBUSTIVEIS E SERVICOS S/A-26.991.067/0001-29;70
0;PAULO PEREIRA DA SILVA;2020;Serviços postais;CORREIOS - SEDEX CONVENCIONAL-00.000.000/0000-07;106,14
0;PAULO PEREIRA DA SILVA;2020;Serviços postais;CORREIOS - SEDEX CONVENCIONAL-00.000.000/0000-07;123,27
7001982;PAULO PEREIRA DA SILVA;2020;Combustíveis e lubrificantes;AUTO POSTO AEROPORTO LTDA-08.202.116/0001-15;201,37
6995026;PAULO PEREIRA DA SILVA;2020;Telefonia;TELEFÔNICA BRASIL S.A. VIVO-02.558.157/0001-62;1425,78
7006020;PAULO TEIXEIRA;2020;Serviço de táxi, pedágio e estacionamento;SINPETAXI-00.031.708/0001-00;47
7003225;PAULO TEIXEIRA;2020;Serviço de táxi, pedágio e estacionamento;SINPETAXI-00.031.708/0001-00;47
7004465;PAULO TEIXEIRA;2020;Fornecimento de alimentação do parlamentar;PIZZARIA E CHURRASCARIA NOVA MACEDO LTDA-49.292.618/0001-61;51,88
7003219;PAULO TEIXEIRA;2020;Serviço de táxi, pedágio e estacionamento;SINPETAXI-00.031.708/0001-00;57
7003221;PAULO TEIXEIRA;2020;Serviço de táxi, pedágio e estacionamento;SINPETAXI-00.031.708/0001-00;60
7003214;PAULO TEIXEIRA;2020;Serviço de táxi, pedágio e estacionamento;SINPETAXI-00.031.708/0001-00;63
7006031;PAULO TEIXEIRA;2020;Serviço de táxi, pedágio e estacionamento;SINPETAXI-00.031.708/0001-00;83
7003223;PAULO TEIXEIRA;2020;Serviço de táxi, pedágio e estacionamento;SINPETAXI-00.031.708/0001-00;83
7006028;PAULO TEIXEIRA;2020;Serviço de táxi, pedágio e estacionamento;SINPETAXI-00.031.708/0001-00;84
7003669;PAULO TEIXEIRA;2020;Combustíveis e lubrificantes;POSTO DE SERVICO CAMACHO LT-60.659.554/0001-27;96,74
7003648;PAULO TEIXEIRA;2020;Combustíveis e lubrificantes;POSTO ANTONIO MARTINEZ JUNIOR LTDA-10.442.027/0001-98;122,01
7003641;PAULO TEIXEIRA;2020;Combustíveis e lubrificantes;AUTO POSTO ALAMEDA SANTOS LTDA-05.580.211/0001-64;127
7003638;PAULO TEIXEIRA;2020;Combustíveis e lubrificantes;AUTO POSTO GOLD STAR LT-54.085.709/0001-66;131,11
7004460;PAULO TEIXEIRA;2020;Combustíveis e lubrificantes;AUTO POSTO DUQUE SALIM MALUF LTDA-07.846.558/0001-31;136,2
7003625;PAULO TEIXEIRA;2020;Combustíveis e lubrificantes;AUTO POSTO GRANERO LTDA-05.468.615/0001-60;140,02
7003651;PAULO TEIXEIRA;2020;Combustíveis e lubrificantes;AUTO POSTO SENA MADUREIRA LTDA-61.265.153/0001-55;140,7
6996737;PAULO TEIXEIRA;2020;Divulgação da atividade parlamentar;PEDRO GUSTAVO AUBERT-29.093.334/0001-39;5000
7006625;PAULO TEIXEIRA;2020;Divulgação da atividade parlamentar;F.Y.SAKAI-ME-08.422.103/0001-51;22000
6996726;PAULO TEIXEIRA;2020;Divulgação da atividade parlamentar;F.Y.SAKAI-ME-08.422.103/0001-51;22000
7004923;POLICIAL KATIA SASTRE;2020;Fornecimento de alimentação do parlamentar;SERVICO NACIONAL DE APRENDIZAGEM COMERCIAL SENAC-33.469.172/0016-44;29,65
7006664;POLICIAL KATIA SASTRE;2020;Combustíveis e lubrificantes;POSTO DE SER AUTO E COM DE COM-17.449.816/0001-08;100
7006536;POLICIAL KATIA SASTRE;2020;Combustíveis e lubrificantes;AUTO POSTO VISÃO LTDA-49.285.059/0001-62;109,49
7001047;POLICIAL KATIA SASTRE;2020;Combustíveis e lubrificantes;VIEGAS AUTO POSTO LTDA-01.458.172/0001-76;127,86
7000997;POLICIAL KATIA SASTRE;2020;Manutenção de escritório de apoio à atividade parlamentar;AMORETTO CAFES EXPRESSO LTDA-08.532.429/0001-31;856,1
7001947;POLICIAL KATIA SASTRE;2020;Locação ou fretamento de veículos automotores;UNIDAS SA-04.437.534/0014-55;1773,3
0;PR. MARCO FELICIANO;2020;Serviços postais;CORREIOS - SEDEX CONVENCIONAL-00.000.000/0000-07;51,26
0;PR. MARCO FELICIANO;2020;Serviços postais;CORREIOS - SEDEX CONVENCIONAL-00.000.000/0000-07;51,26
0;PR. MARCO FELICIANO;2020;Serviços postais;CORREIOS - SEDEX CONVENCIONAL-00.000.000/0000-07;67,08
6994565;PR. MARCO FELICIANO;2020;Divulgação da atividade parlamentar;BRUNO FARIA BORGES-29.866.716/0001-58;5000
0;RENATA ABREU;2020;Serviços postais;CORREIOS - CARTA REGISTRADA COM AR-00.000.000/0000-07;14,2
0;RENATA ABREU;2020;Serviços postais;CORREIOS - CARTA REGISTRADA-00.000.000/0000-07;16,8
0;RENATA ABREU;2020;Serviços postais;CORREIOS - CARTA REGISTRADA-00.000.000/0000-07;25,2
0;RENATA ABREU;2020;Serviços postais;CORREIOS - SEDEX CONVENCIONAL-00.000.000/0000-07;35,46
0;RENATA ABREU;2020;Serviços postais;CORREIOS - SEDEX CONVENCIONAL-00.000.000/0000-07;38,43
7001482;RENATA ABREU;2020;Serviço de táxi, pedágio e estacionamento;CENTRO DE GESTÃO DE MEIOS DE PGTO. LTDA. - SEM PARAR-04.088.208/0001-65;179,84
0;RENATA ABREU;2020;Serviços postais;CORREIOS - ENCOMENDA PAC-00.000.000/0000-07;239,44
7001464;RENATA ABREU;2020;Telefonia;VIVO-02.558.157/0001-62;1101,31
6997045;RENATA ABREU;2020;Divulgação da atividade parlamentar;RODRIGO SOARES-34.073.796/0001-24;1200
6997049;RENATA ABREU;2020;Combustíveis e lubrificantes;FORMULA I AUTO POSTO LTDA-08.604.665/0001-16;1617,62
7002032;RENATA ABREU;2020;Combustíveis e lubrificantes;FORMULA I AUTO POSTO LTDA-08.604.665/0001-16;2056,68
6997097;RENATA ABREU;2020;Divulgação da atividade parlamentar;MARIANA RIBEIRO-27.202.223/0001-98;4000
6997046;RENATA ABREU;2020;Divulgação da atividade parlamentar;PRISCILA CONCEIÇÃO ANDRADE DE OLIVEIRA 01791101100-30.066.843/0001-51;5000
0;RICARDO IZAR;2020;Serviços postais;CORREIOS - SEDEX CONVENCIONAL-00.000.000/0000-07;35,46
0;RICARDO IZAR;2020;Serviços postais;CORREIOS - SEDEX CONVENCIONAL-00.000.000/0000-07;38,43
0;RICARDO IZAR;2020;Serviços postais;CORREIOS - SEDEX CONVENCIONAL-00.000.000/0000-07;126,81
0;RICARDO IZAR;2020;Serviços postais;CORREIOS - SEDEX CONVENCIONAL-00.000.000/0000-07;143,04
0;ROBERTO ALVES;2020;Serviços postais;CORREIOS - SEDEX CONVENCIONAL-00.000.000/0000-07;31,07
7004471;ROBERTO ALVES;2020;Consultorias, pesquisas e trabalhos técnicos;RONALDO L. SARTORIO SOCIEDADE INDIVIDUAL DE ADVOCACIA-29.269.246/0001-45;3000
6999241;ROBERTO ALVES;2020;Combustíveis e lubrificantes;AUTO POSTO 2002 DE CAMPINAS LTDA-01.257.449/0001-00;3500
6999108;ROBERTO ALVES;2020;Consultorias, pesquisas e trabalhos técnicos;ANTONIO RODRIGO MACHADO ADVOCACIA ASSOCIADA-20.216.359/0001-08;10000
0;ROBERTO DE LUCENA;2020;Serviços postais;CORREIOS - TELEGRAMA-00.000.000/0000-07;11,85
0;ROBERTO DE LUCENA;2020;Serviços postais;CORREIOS - TELEGRAMA COM CONFIRMAÇÃO-00.000.000/0000-07;18,71
0;ROBERTO DE LUCENA;2020;Serviços postais;CORREIOS - TELEGRAMA COM CONFIRMAÇÃO-00.000.000/0000-07;18,71
0;ROBERTO DE LUCENA;2020;Serviços postais;CORREIOS - SEDEX CONVENCIONAL-00.000.000/0000-07;35,46
0;ROBERTO DE LUCENA;2020;Serviços postais;CORREIOS - TELEGRAMA COM CONFIRMAÇÃO-00.000.000/0000-07;37,42
0;ROBERTO DE LUCENA;2020;Serviços postais;CORREIOS - SEDEX CONVENCIONAL-00.000.000/0000-07;66
0;ROBERTO DE LUCENA;2020;Serviços postais;CORREIOS - SEDEX CONVENCIONAL-00.000.000/0000-07;124,52
0;ROBERTO DE LUCENA;2020;Serviços postais;CORREIOS - SEDEX CONVENCIONAL-00.000.000/0000-07;158,85
6997455;ROBERTO DE LUCENA;2020;Manutenção de escritório de apoio à atividade parlamentar;AMORETTO CAFES EXPRESSO LTDA-08.532.429/0001-31;654,6
7004109;ROBERTO DE LUCENA;2020;Manutenção de escritório de apoio à atividade parlamentar;WMS COMERCIO DE ARTIGOS DE PAPELARIA LTDA-ME-12.132.854/0001-00;760,3
6997474;ROBERTO DE LUCENA;2020;Manutenção de escritório de apoio à atividade parlamentar;TECNEGOCIOS SOLUÇÕES EM INFORMÁTICA LTDA-ME-11.521.613/0001-90;900
1723386;ROBERTO DE LUCENA;2020;Emissão bilhete aéreo;Cia Aérea - AZUL-09.296.295/0001-60;1069,35
1723417;ROBERTO DE LUCENA;2020;Emissão bilhete aéreo;Cia Aérea - AZUL-09.296.295/0001-60;1155,57
6997459;ROBERTO DE LUCENA;2020;Divulgação da atividade parlamentar;FOCOH COMUNICAÇÃO LTDA-14.590.588/0001-95;1400
7002732;ROBERTO DE LUCENA;2020;Divulgação da atividade parlamentar;EMPRESA JORNALISTICA E EDITORIAL NOVA ALIANCA Shttps://app.b-66.656.174/0001-15;1500
1723467;ROBERTO DE LUCENA;2020;Emissão bilhete aéreo;Cia Aérea - AZUL-09.296.295/0001-60;3083,92
6999037;ROBERTO DE LUCENA;2020;Divulgação da atividade parlamentar;2HC SOLUCOES INTEGRADAS LTDA-29.100.347/0001-98;7000
0;RODRIGO AGOSTINHO;2020;Serviços postais;CORREIOS - SEDEX CONVENCIONAL COM AR-00.000.000/0000-07;41,81
0;RODRIGO AGOSTINHO;2020;Serviços postais;CORREIOS - SEDEX CONVENCIONAL COM AR-00.000.000/0000-07;41,81
7007325;RODRIGO AGOSTINHO;2020;Serviço de táxi, pedágio e estacionamento;CENTRO DE GESTÃO DE MEIOS DE PGTO. LTDA. - SEM PARAR-04.088.208/0001-65;55,3
0;RODRIGO AGOSTINHO;2020;Serviços postais;CORREIOS - CARTA REGISTRADA COM AR-00.000.000/0000-07;59
0;RODRIGO AGOSTINHO;2020;Serviços postais;CORREIOS - CARTA REGISTRADA COM AR-00.000.000/0000-07;78,85
7008520;RODRIGO AGOSTINHO;2020;Manutenção de escritório de apoio à atividade parlamentar;DEPARTAMENTO DE AGUA E ESGOTO DE BAURU-46.139.952/0001-91;88,97
6994022;RODRIGO AGOSTINHO;2020;Manutenção de escritório de apoio à atividade parlamentar;COMPANHIA PAULISTA DE FORÇA E LUZ-33.050.196/0001-88;123,09
7004243;RODRIGO AGOSTINHO;2020;Locação ou fretamento de veículos automotores;MOVIDA LOCAÇÃO DE VEÍCULOS S.A-07.976.147/0064-44;1976,02
0;ROSANA VALLE;2020;Serviços postais;CORREIOS - SEDEX CONVENCIONAL-00.000.000/0000-07;92,68
0;ROSANA VALLE;2020;Serviços postais;CORREIOS - SEDEX CONVENCIONAL-00.000.000/0000-07;187,75
0;ROSANA VALLE;2020;Serviços postais;CORREIOS - ENCOMENDA PAC-00.000.000/0000-07;287,83
0;ROSANA VALLE;2020;Serviços postais;CORREIOS - SEDEX CONVENCIONAL-00.000.000/0000-07;529,39
0;RUI FALCÃO;2020;Serviços postais;CORREIOS - SEDEX CONVENCIONAL-00.000.000/0000-07;40,14
7002117;RUI FALCÃO;2020;Combustíveis e lubrificantes;CENTRO AUTOMOTIVO R 2 REQUINTE LTDA-12.984.862/0001-85;50
7002113;RUI FALCÃO;2020;Combustíveis e lubrificantes;AUTO POSTO GUAIRACA LT-43.234.889/0001-84;100
7002112;RUI FALCÃO;2020;Combustíveis e lubrificantes;POSTO DE SERVICOS NATALIA LTDA-06.124.220/0001-03;100
7002107;RUI FALCÃO;2020;Combustíveis e lubrificantes;AUTO POSTO NOBRE LT-61.296.737/0001-98;100
7002104;RUI FALCÃO;2020;Combustíveis e lubrificantes;AUTO POSTO AERO MARTE LT-43.299.650/0001-92;100
7002101;RUI FALCÃO;2020;Combustíveis e lubrificantes;AUTO POSTO NOBRE LT-61.296.737/0001-98;100
7002097;RUI FALCÃO;2020;Combustíveis e lubrificantes;AUTO POSTO NOBRE LT-61.296.737/0001-98;100
7002092;RUI FALCÃO;2020;Combustíveis e lubrificantes;FUKUYA KANEMOTO e CIA LTDA-60.742.913/0001-05;124,01
7002088;RUI FALCÃO;2020;Combustíveis e lubrificantes;CENTRO AUTOMOTIVO ELOS DE OURO LTDA-14.530.805/0001-51;136,87
7002131;RUI FALCÃO;2020;Manutenção de escritório de apoio à atividade parlamentar;ENEL-61.695.227/0001-93;183,38
6993396;RUI FALCÃO;2020;Manutenção de escritório de apoio à atividade parlamentar;FORM BENS ADMINISTRAÇÃO E ASSESSORIA LTDA-09.653.319/0001-90;2450
6996522;SÂMIA BOMFIM;2020;Divulgação da atividade parlamentar;ALINE CRISTINA SILVA DE OLIVEIRA-18.486.619/0001-13;2000
6996544;SÂMIA BOMFIM;2020;Serviço de segurança prestado por empresa especializada;Maria Zeneide da Silva Lima Cardoso ME-15.751.211/0001-33;8250
7000464;SÂMIA BOMFIM;2020;Divulgação da atividade parlamentar;EVAG COMUNICAÇÃO E TECNOLOGIA LTDA-15.705.697/0001-73;10000
6996500;SÂMIA BOMFIM;2020;Divulgação da atividade parlamentar;GRAFICA CROMOCOLLOR INDUSTRIA LTDA-09.181.015/0001-78;20551
7005292;SAMUEL MOREIRA;2020;Fornecimento de alimentação do parlamentar;SERVICO NACIONAL DE APRENDIZAGEM COMERCIAL SENAC-33.469.172/0016-44;65
7003318;SAMUEL MOREIRA;2020;Divulgação da atividade parlamentar;LOCAWEB SERVICOS DE INTERNET S.A.-02.351.877/0001-52;105,58
7004674;SAMUEL MOREIRA;2020;Combustíveis e lubrificantes;AUTO POSTO JUREMA LTDA-61.716.510/0001-54;122
7006270;SAMUEL MOREIRA;2020;Combustíveis e lubrificantes;AUTO POSTO SAVEIROS EIRELI-59.443.739/0001-10;133,04
7005195;SAMUEL MOREIRA;2020;Combustíveis e lubrificantes;AUTO POSTO JARDIM DAS BANDEIRAS LT-62.721.204/0001-79;143
7006717;SAMUEL MOREIRA;2020;Combustíveis e lubrificantes;RACER AUTO POSTO LTDA.-61.343.695/0001-07;152
7004584;SAMUEL MOREIRA;2020;Combustíveis e lubrificantes;CENTRO AUTOMOTIVO MOREIRA GUIMARAES LTDA-17.839.725/0001-70;164,33
7006238;SAMUEL MOREIRA;2020;Combustíveis e lubrificantes;MEL SERVICOS AUTOMOTIVOS LT-70.939.582/0001-51;165,73
7005079;SAMUEL MOREIRA;2020;Combustíveis e lubrificantes;POSTO DA TORRE EIRELI - EPP-04.473.193/0001-59;200
7002082;SAMUEL MOREIRA;2020;Serviço de táxi, pedágio e estacionamento;CENTRAL PARK DE ESTACIONAMENTOS-10.490.515/0001-70;315
7006762;SAMUEL MOREIRA;2020;Telefonia;VIVO TELEFONICA BRASIL S.A.-02.558.157/0001-62;436,18
0;SAMUEL MOREIRA;2020;Serviços postais;CORREIOS - ENCOMENDA PAC-00.000.000/0000-07;767,29
7004441;SAMUEL MOREIRA;2020;Manutenção de escritório de apoio à atividade parlamentar;ATTBRASIL TECNOLOGIA LOCAÇÃO E SOLUÇÕES EM INFORMÁTICA LTDA-EPP-22.392.165/0001-99;1375
7002125;SAMUEL MOREIRA;2020;Locação ou fretamento de veículos automotores;VILA RICA PARK LOCAÇÃO DE VEÍCULOS LTDA.-60.011.343/0001-83;4100
6999076;SAMUEL MOREIRA;2020;Manutenção de escritório de apoio à atividade parlamentar;Captiva Empreendimentos e Participações Ltda-04.040.584/0001-80;5600
7006704;SAMUEL MOREIRA;2020;Divulgação da atividade parlamentar;fator F inteligencia em comunicação ltda-05.527.558/0001-43;13000
7000852;TABATA AMARAL;2020;Serviço de táxi, pedágio e estacionamento;UBER DO BRASIL TECNOLOGIA LTDA.-17.895.646/0001-87;14,97
0;TABATA AMARAL;2020;Serviços postais;CORREIOS - CARTA REGISTRADA COM AR-00.000.000/0000-07;15,55
7000855;TABATA AMARAL;2020;Serviço de táxi, pedágio e estacionamento;UBER DO BRASIL TECNOLOGIA LTDA.-17.895.646/0001-87;16,68
7000865;TABATA AMARAL;2020;Serviço de táxi, pedágio e estacionamento;UBER DO BRASIL TECNOLOGIA LTDA.-17.895.646/0001-87;22,83
7000858;TABATA AMARAL;2020;Serviço de táxi, pedágio e estacionamento;UBER DO BRASIL TECNOLOGIA LTDA.-17.895.646/0001-87;26,31
7000864;TABATA AMARAL;2020;Serviço de táxi, pedágio e estacionamento;UBER DO BRASIL TECNOLOGIA LTDA.-17.895.646/0001-87;75,45
7003586;TIRIRICA;2020;Combustíveis e lubrificantes;AUTO POSTO CINCO ESTRELAS LTDA-00.692.418/0001-07;171,7
7001440;TIRIRICA;2020;Combustíveis e lubrificantes;POSTO SIA 3 LTDA-02.040.344/0001-50;227,14
7001613;TIRIRICA;2020;Telefonia;Claro S.A-40.432.544/0440-04;493,45
7007661;VANDERLEI MACRIS;2020;Fornecimento de alimentação do parlamentar;FIRENZE PAES E DOCES EIRELI-53.251.930/0001-84;10,4
7007648;VANDERLEI MACRIS;2020;Fornecimento de alimentação do parlamentar;GRAN ROMA COMERCIO DE ALIMENTOS LTDA-01.836.357/0013-00;10,45
7007684;VANDERLEI MACRIS;2020;Fornecimento de alimentação do parlamentar;R&K COMERCIO DE PRODUTOS ALIMENTÍCIOS-30.269.407/0001-80;14,3
7007589;VANDERLEI MACRIS;2020;Fornecimento de alimentação do parlamentar;PAES E DOCES ALTO DA BELA VISTA LTDA.-48.712.210/0001-39;15
7005962;VANDERLEI MACRIS;2020;Manutenção de escritório de apoio à atividade parlamentar;KALUNGA COMERCIO E INDUSTRIA GRAFICA LTDA-43.283.811/0068-67;19,9
7007689;VANDERLEI MACRIS;2020;Fornecimento de alimentação do parlamentar;RODOSNACK SAO CARLOS RESTAURANTE E LANCHONETE LTDA-22.683.792/0001-89;20,3
7007566;VANDERLEI MACRIS;2020;Fornecimento de alimentação do parlamentar;AGENOR RIBEIRO JUNIOR HAMBURGUERIA-27.330.616/0001-87;29,5
7006282;VANDERLEI MACRIS;2020;Serviço de táxi, pedágio e estacionamento;SINPETAXI-00.031.708/0001-00;35
7007674;VANDERLEI MACRIS;2020;Fornecimento de alimentação do parlamentar;BODEGA RESTAURANTE E BAR LTDA-48.873.376/0001-37;35,9
7007637;VANDERLEI MACRIS;2020;Fornecimento de alimentação do parlamentar;PIMENTA VERDE ALIMENTOS LTDA-09.060.964/0103-24;36,94
7006274;VANDERLEI MACRIS;2020;Serviço de táxi, pedágio e estacionamento;SINPETAXI-00.031.708/0001-00;52
7007577;VANDERLEI MACRIS;2020;Fornecimento de alimentação do parlamentar;ACADEMIA DA GULA DOCES E SALGADOS LTDA ME-65.883.480/0001-21;61,3
7003794;VANDERLEI MACRIS;2020;Combustíveis e lubrificantes;CASCOL COMBUSTIVEIS PARA VEICULOS LTDA-00.306.597/0031-12;70
7005417;VANDERLEI MACRIS;2020;Serviços postais;MUCKE & FERNANDES LTDA-96.504.246/0001-70;72,3
7005426;VANDERLEI MACRIS;2020;Manutenção de escritório de apoio à atividade parlamentar;DEPARTAMENTO DE AGUA E ESGOTO-46.755.690/0001-90;73,08
7006080;VANDERLEI MACRIS;2020;Combustíveis e lubrificantes;AUTO POSTO AURORA II LTDA-18.508.677/0001-09;80
7005928;VANDERLEI MACRIS;2020;Manutenção de escritório de apoio à atividade parlamentar;KALUNGA COMERCIO E INDUSTRIA GRAFICA LTDA-43.283.811/0068-67;82,4
7006026;VANDERLEI MACRIS;2020;Combustíveis e lubrificantes;POSTO DE GASOLINA PIRAQUARA LTDA-61.720.579/0001-51;84,02
7007597;VANDERLEI MACRIS;2020;Fornecimento de alimentação do parlamentar;BANANA BOAT BAR E LANCHES LT-43.386.903/0001-65;90
7006124;VANDERLEI MACRIS;2020;Combustíveis e lubrificantes;CENTRO AUTOMOTIVO BARRACUDA LTDA-10.214.800/0001-69;100
7005990;VANDERLEI MACRIS;2020;Combustíveis e lubrificantes;POSTO DE GASOLINA PIRAQUARA LTDA-61.720.579/0001-51;133,99
7006109;VANDERLEI MACRIS;2020;Combustíveis e lubrificantes;AUTO POSTO MARLICE LT-49.920.465/0001-50;140
7006061;VANDERLEI MACRIS;2020;Combustíveis e lubrificantes;POSTO DE GASOLINA PIRAQUARA LTDA-61.720.579/0001-51;154,04
7006006;VANDERLEI MACRIS;2020;Combustíveis e lubrificantes;POSTO DE GASOLINA PIRAQUARA LTDA-61.720.579/0001-51;170,02
7006043;VANDERLEI MACRIS;2020;Combustíveis e lubrificantes;PARAKI AUTO POSTO LTDA-61.742.623/0001-24;199,75
6995722;VANDERLEI MACRIS;2020;Serviço de táxi, pedágio e estacionamento;CENTRAL PARK DE ESTACIONAMENTOS-10.490.515/0001-70;315
6995719;VANDERLEI MACRIS;2020;Serviço de táxi, pedágio e estacionamento;CENTRAL PARK DE ESTACIONAMENTOS-10.490.515/0001-70;315
6995715;VANDERLEI MACRIS;2020;Serviço de táxi, pedágio e estacionamento;CENTRAL PARK DE ESTACIONAMENTOS-10.490.515/0001-70;315
7005461;VANDERLEI MACRIS;2020;Manutenção de escritório de apoio à atividade parlamentar;SOLARYS SOLUCOES DIGITAIS LTDA-08.648.207/0001-89;670
7005952;VANDERLEI MACRIS;2020;Manutenção de escritório de apoio à atividade parlamentar;Papelaria Magistral Ltda-61.585.956/0001-97;828
6995712;VANDERLEI MACRIS;2020;Manutenção de escritório de apoio à atividade parlamentar;CONDOMINIO IBIRAPUERA CENTRAL PARK-54.069.729/0001-43;1168,75
7004760;VANDERLEI MACRIS;2020;Manutenção de escritório de apoio à atividade parlamentar;WALTER CHAZANAS-885.479.228-49;2950
7004557;VANDERLEI MACRIS;2020;Manutenção de escritório de apoio à atividade parlamentar;MARCOS DOMINGOS SANTAROSA-017.405.198-09;3500
7004089;VANDERLEI MACRIS;2020;Divulgação da atividade parlamentar;ARIEL THIAGO FERREIRA 22680903889-32.941.943/0001-05;5900
0;VICENTINHO;2020;Serviços postais;CORREIOS - SEDEX CONVENCIONAL COM AR-00.000.000/0000-07;79,54
0;VICENTINHO;2020;Serviços postais;CORREIOS - ENCOMENDA PAC-00.000.000/0000-07;170,01
6997360;VICENTINHO;2020;Manutenção de escritório de apoio à atividade parlamentar;WMS COMERCIO DE ARTIGOS DE PAPELARIA LTDA-ME-12.132.854/0001-00;371
7002093;VINICIUS CARVALHO;2020;Serviços postais;ISABEL DE F TAYETTI & CIA LTDA EPP-66.493.842/0001-30;61,35
7003931;VINICIUS CARVALHO;2020;Combustíveis e lubrificantes;AUTO POSTO MARQUES DE S VICENTE LT-59.720.649/0001-20;62,95
7002014;VINICIUS CARVALHO;2020;Manutenção de escritório de apoio à atividade parlamentar;DEPARTAMENTO DE AGUA E ESGOTO DE BAURU-46.139.952/0001-91;67,12
7002382;VINICIUS CARVALHO;2020;Combustíveis e lubrificantes;ALTERNATIVA AUTO POSTO LTDA-44.313.815/0001-04;84,99
7002389;VINICIUS CARVALHO;2020;Combustíveis e lubrificantes;POSTO RODOSERV LT-01.072.194/0001-01;105,07
7002333;VINICIUS CARVALHO;2020;Combustíveis e lubrificantes;POSTO E SERVICOS TIGRAO DA DUTRA LTDA-07.543.502/0001-08;120
7002361;VINICIUS CARVALHO;2020;Combustíveis e lubrificantes;REDE LK DE POSTOS LTDA-01.820.806/0002-70;122,02
7002362;VINICIUS CARVALHO;2020;Combustíveis e lubrificantes;REDE LK DE POSTOS LTDA-01.820.806/0002-70;143,06
7002330;VINICIUS CARVALHO;2020;Combustíveis e lubrificantes;LUSAN COM DE COMBUSTIVEIS LT-48.202.758/0001-39;147
7002320;VINICIUS CARVALHO;2020;Combustíveis e lubrificantes;LUSAN COM DE COMBUSTIVEIS LT-48.202.758/0001-39;148
6999957;VINICIUS CARVALHO;2020;Hospedagem ,exceto do parlamentar no distrito federal;GABIRA HOTEL EIRELI ME-28.934.394/0001-74;149
6999950;VINICIUS CARVALHO;2020;Hospedagem ,exceto do parlamentar no distrito federal;GABIRA HOTEL EIRELI ME-28.934.394/0001-74;149
6999948;VINICIUS CARVALHO;2020;Hospedagem ,exceto do parlamentar no distrito federal;GABIRA HOTEL EIRELI ME-28.934.394/0001-74;149
7002035;VINICIUS CARVALHO;2020;Hospedagem ,exceto do parlamentar no distrito federal;HOTEL GRAN VALLE-04.137.233/0001-91;150
7002033;VINICIUS CARVALHO;2020;Hospedagem ,exceto do parlamentar no distrito federal;HOTEL GRAN VALLE-04.137.233/0001-91;150
7002025;VINICIUS CARVALHO;2020;Hospedagem ,exceto do parlamentar no distrito federal;HOTEL GRAN VALLE-04.137.233/0001-91;150
7002363;VINICIUS CARVALHO;2020;Combustíveis e lubrificantes;REDE LK DE POSTOS LTDA-01.820.806/0002-70;150,01
6999965;VINICIUS CARVALHO;2020;Hospedagem ,exceto do parlamentar no distrito federal;GARDEN HOTELS EMPREENDIMENTOS LTDA-04.782.457/0001-56;158,1
7002318;VINICIUS CARVALHO;2020;Combustíveis e lubrificantes;LUSAN COM DE COMBUSTIVEIS LT-48.202.758/0001-39;165,72
7002359;VINICIUS CARVALHO;2020;Combustíveis e lubrificantes;REDE LK DE POSTOS LTDA-01.820.806/0002-70;167,03
6999941;VINICIUS CARVALHO;2020;Hospedagem ,exceto do parlamentar no distrito federal;BCA TURISMO E HOTELARIA LTDA-10.946.537/0001-00;170
6999936;VINICIUS CARVALHO;2020;Hospedagem ,exceto do parlamentar no distrito federal;BCA TURISMO E HOTELARIA LTDA-10.946.537/0001-00;170
6999933;VINICIUS CARVALHO;2020;Hospedagem ,exceto do parlamentar no distrito federal;BCA TURISMO E HOTELARIA LTDA-10.946.537/0001-00;170
7002344;VINICIUS CARVALHO;2020;Combustíveis e lubrificantes;LUSAN COM DE COMBUSTIVEIS LT-48.202.758/0001-39;176,03
7002348;VINICIUS CARVALHO;2020;Combustíveis e lubrificantes;POSTO ARCO IRIS DE LORENA LTDA-01.186.408/0001-62;185,03
6994238;VINICIUS CARVALHO;2020;Combustíveis e lubrificantes;CARREFOUR COMERCIO E INDUSTRIA LTDA-45.543.915/0289-49;193
7002356;VINICIUS CARVALHO;2020;Combustíveis e lubrificantes;VITTORIO PACCHIAROTTI COMERCIO DE COMBUSTIVEIS EI-47.993.050/0001-80;193,04
7002381;VINICIUS CARVALHO;2020;Combustíveis e lubrificantes;AUTO POSTO CRISTAL DE MARILIA LTDA-05.944.364/0001-43;230,02
7002353;VINICIUS CARVALHO;2020;Combustíveis e lubrificantes;ALTERNATIVA AUTO POSTO LTDA-44.313.815/0001-04;232,55
7002369;VINICIUS CARVALHO;2020;Combustíveis e lubrificantes;AUTO POSTO CASTILHO DE IEPE LT-57.962.458/0001-49;237
7003923;VINICIUS CARVALHO;2020;Combustíveis e lubrificantes;AUTO POSTO DUQUE LAPA LTDA ME-07.846.576/0001-13;249,03
7002377;VINICIUS CARVALHO;2020;Combustíveis e lubrificantes;AUTO POSTO ZEPA PRIMAVERA LTDA-17.161.346/0001-74;265,08
6994230;VINICIUS CARVALHO;2020;Combustíveis e lubrificantes;ENZO ITAIPAVA LTDA-01.904.245/0001-06;266,22
6999930;VINICIUS CARVALHO;2020;Hospedagem ,exceto do parlamentar no distrito federal;POUSADA HOTEIS LTDA-47.405.980/0001-76;275
6999926;VINICIUS CARVALHO;2020;Hospedagem ,exceto do parlamentar no distrito federal;POUSADA HOTEIS LTDA-47.405.980/0001-76;275
7000978;VINICIUS CARVALHO;2020;Hospedagem ,exceto do parlamentar no distrito federal;HOSPEDARIA ELEGANCE LTDA-22.679.060/0001-15;299
7000974;VINICIUS CARVALHO;2020;Hospedagem ,exceto do parlamentar no distrito federal;HOSPEDARIA ELEGANCE LTDA-22.679.060/0001-15;299
7000970;VINICIUS CARVALHO;2020;Hospedagem ,exceto do parlamentar no distrito federal;HOSPEDARIA ELEGANCE LTDA-22.679.060/0001-15;299
7002746;VINICIUS CARVALHO;2020;Hospedagem ,exceto do parlamentar no distrito federal;AZ CONTROLLER CONSULTORIA ECONOMICA EIRELI-33.228.798/0001-82;335
7002384;VINICIUS CARVALHO;2020;Combustíveis e lubrificantes;AUTO POSTO ALAMEDA LTDA-04.057.660/0001-60;338,34
7002379;VINICIUS CARVALHO;2020;Combustíveis e lubrificantes;AUTO POSTO RODEIO BARRETOS LTDA-64.584.972/0001-53;344,36
7002374;VINICIUS CARVALHO;2020;Combustíveis e lubrificantes;CASA AVENIDA COMERCIO DE COMBUSTIVEIS LTDA-01.077.010/0009-45;358,03
6998881;VINICIUS CARVALHO;2020;Telefonia;Claro S.A-40.432.544/0001-47;361,32
7002371;VINICIUS CARVALHO;2020;Combustíveis e lubrificantes;AUTO POSTO AVENIDA DE AVARE-31.250.324/0001-01;379,99
6999963;VINICIUS CARVALHO;2020;Hospedagem ,exceto do parlamentar no distrito federal;FERNANDO CARVALHO RIBEIRO FILHO - EPP-47.249.370/0001-20;390
7002323;VINICIUS CARVALHO;2020;Combustíveis e lubrificantes;POSTO RODOSERV STAR LTDA-04.972.262/0001-79;393,4
7002327;VINICIUS CARVALHO;2020;Combustíveis e lubrificantes;AUTO POSTO VILA SAO PAULO LTDA ME-08.425.042/0001-86;425,01
7002365;VINICIUS CARVALHO;2020;Combustíveis e lubrificantes;FRANCO AUTO POSTO BURITAMA EIRELI-14.115.499/0001-97;430
6995566;VINICIUS CARVALHO;2020;Serviço de táxi, pedágio e estacionamento;CENTRO DE GESTÃO DE MEIOS DE PGTO. LTDA. - SEM PARAR-04.088.208/0001-65;1182,51
6998824;VINICIUS CARVALHO;2020;Hospedagem ,exceto do parlamentar no distrito federal;H.B HOTELS - ADM-11.507.791/0001-67;1275
6994063;VINICIUS CARVALHO;2020;Manutenção de escritório de apoio à atividade parlamentar;ALPHABESSAS EMP. IMOBILIÁRIO LTDA-26.630.923/0001-10;1284,22
7004753;VITOR LIPPI;2020;Fornecimento de alimentação do parlamentar;Quilimanjarocom.Alimentos e Hotelaria Ltda-07.454.351/0001-11;19,8
7004164;VITOR LIPPI;2020;Serviço de táxi, pedágio e estacionamento;CRN - GESTAO DE ESTACIONAMENTOS E GARAGENS S.A.-26.306.669/0002-80;20
6999762;VITOR LIPPI;2020;Manutenção de escritório de apoio à atividade parlamentar;KALUNGA COMERCIO E INDUSTRIA GRAFICA LTDA-43.283.811/0078-39;20,9
7003074;VITOR LIPPI;2020;Serviço de táxi, pedágio e estacionamento;UBER DO BRASIL TECNOLOGIA LTDA.-17.895.646/0001-87;23,73
7004728;VITOR LIPPI;2020;Serviço de táxi, pedágio e estacionamento;SINPETAXI-00.031.708/0001-00;25
7004411;VITOR LIPPI;2020;Fornecimento de alimentação do parlamentar;La Bonna Restaurante Pizzaria Ltda-27.428.916/0001-01;28,65
7003482;VITOR LIPPI;2020;Serviços postais;Empresa Brasileira de Correios e Telegráfos - ECT-34.028.316/7395-67;35,1
7003480;VITOR LIPPI;2020;Serviços postais;EMPRESA BRASILEIRO DE CORREIOS E TELEGRAFOS-66.982.174/0001-05;35,1
7004173;VITOR LIPPI;2020;Fornecimento de alimentação do parlamentar;DOCE ATRAÇÃO PRODUTOS ALIMENTÍCIOS LTDA-01.525.556/0001-64;36,35
7004444;VITOR LIPPI;2020;Fornecimento de alimentação do parlamentar;AVELINA MARIA MENK CASTRILHO-ME-53.529.749/0001-97;40
7004344;VITOR LIPPI;2020;Combustíveis e lubrificantes;IRMÃOS CARVALHO AUTO POSTO LTDA-74.292.723/0001-48;48,13
6999760;VITOR LIPPI;2020;Combustíveis e lubrificantes;AUTO POSTO JRNEL III-55.531.172/0001-83;50
7004430;VITOR LIPPI;2020;Fornecimento de alimentação do parlamentar;RODOSNACK G e G LANCHONETE E RESTAURANTE LTDA-09.536.662/0001-55;66,78
7003492;VITOR LIPPI;2020;Combustíveis e lubrificantes;VALDEMARIN 4 COMERCIO DE COMBUSTIVEIS E DERIVADOS-21.669.780/0001-37;80
6999785;VITOR LIPPI;2020;Manutenção de escritório de apoio à atividade parlamentar;JF CARTUCHOS EIRELI -ME-18.036.455/0001-22;80
6999766;VITOR LIPPI;2020;Combustíveis e lubrificantes;VALDEMARIN 4 COMERCIO DE COMBUSTIVEIS E DERIVADOS-21.669.780/0001-37;82,02
7003498;VITOR LIPPI;2020;Combustíveis e lubrificantes;VALDEMARIN 4 COMERCIO DE COMBUSTIVEIS E DERIVADOS-21.669.780/0001-37;82,32
7004421;VITOR LIPPI;2020;Fornecimento de alimentação do parlamentar;NADIR CONCEICAO DE SOUZA SANTOS-54.454.673/0001-40;89,1
7006697;VITOR LIPPI;2020;Manutenção de escritório de apoio à atividade parlamentar;WMS COMERCIO DE ARTIGOS DE PAPELARIA LTDA-ME-12.132.854/0001-00;91,6
7003511;VITOR LIPPI;2020;Combustíveis e lubrificantes;VALDEMARIN 4 COMERCIO DE COMBUSTIVEIS E DERIVADOS-21.669.780/0001-37;98,5
7003494;VITOR LIPPI;2020;Combustíveis e lubrificantes;VALDEMARIN 4 COMERCIO DE COMBUSTIVEIS E DERIVADOS-21.669.780/0001-37;100
6997504;VITOR LIPPI;2020;Combustíveis e lubrificantes;POSTO DA TORRE EIRELI - EPP-04.473.193/0001-59;100
7003522;VITOR LIPPI;2020;Combustíveis e lubrificantes;MAKRO ATACADISTA S A-47.427.653/0077-13;113,04
6999774;VITOR LIPPI;2020;Combustíveis e lubrificantes;AUTO POSTO AVENIDA LTDA-71.475.230/0003-17;113,1
6999773;VITOR LIPPI;2020;Combustíveis e lubrificantes;POSTO ESTACAO CARANDIRU LTDA-03.996.275/0001-15;118,22
6999770;VITOR LIPPI;2020;Combustíveis e lubrificantes;SANTO COMERCIO E IMPORTACAO DE PRODUTOSO ALIMENTI-50.368.976/0006-02;118,49
6999778;VITOR LIPPI;2020;Combustíveis e lubrificantes;POSTO DOS TROPEIROS SOROCABA LTDA-10.509.267/0001-62;126,58
6999771;VITOR LIPPI;2020;Combustíveis e lubrificantes;VALDEMARIN 4 COMERCIO DE COMBUSTIVEIS E DERIVADOS-21.669.780/0001-37;150,1
7003503;VITOR LIPPI;2020;Combustíveis e lubrificantes;VALDEMARIN 4 COMERCIO DE COMBUSTIVEIS E DERIVADOS-21.669.780/0001-37;157,67
6999783;VITOR LIPPI;2020;Combustíveis e lubrificantes;LUANA AUTO POSTO LTDA-02.648.743/0001-06;159,65
6999763;VITOR LIPPI;2020;Combustíveis e lubrificantes;RIBEIRO e SOUZA COMERCIO DE COMBUSTIVEIS LTDA-10.924.856/0001-07;162,93
6999767;VITOR LIPPI;2020;Combustíveis e lubrificantes;SUPER POSTO JC LT-02.802.083/0001-68;166,47
7003516;VITOR LIPPI;2020;Manutenção de escritório de apoio à atividade parlamentar;JF CARTUCHOS EIRELI -ME-18.036.455/0001-22;175
7001007;VITOR LIPPI;2020;Manutenção de escritório de apoio à atividade parlamentar;JF CARTUCHOS EIRELI -ME-18.036.455/0001-22;180
7004493;VITOR LIPPI;2020;Hospedagem ,exceto do parlamentar no distrito federal;EZ HOTEIS LTDA-59.267.096/0001-00;199,01
7004331;VITOR LIPPI;2020;Combustíveis e lubrificantes;ROMA AUTO POSTO LTDA-20.557.000/0001-02;200
7004360;VITOR LIPPI;2020;Combustíveis e lubrificantes;SERAUT AUTO POSTO LTDA-59.690.438/0001-91;237,12
6997216;VITOR LIPPI;2020;Hospedagem ,exceto do parlamentar no distrito federal;SLAVIERO EMPREENDIMENTOS HOTELEIROS LTDA-27.216.869/0012-87;240,45
7004337;VITOR LIPPI;2020;Combustíveis e lubrificantes;FUZIKAWA & FUZIKAWA LTDA-60.377.751/0001-53;261,28
7004367;VITOR LIPPI;2020;Combustíveis e lubrificantes;AUTO POSTO CAPELANDIA LTDA-47.797.618/0001-98;275,03
6994728;VITOR LIPPI;2020;Divulgação da atividade parlamentar;MARIA JULIA VIEIRA DA COSTA-35.488.549/0001-51;300
7004306;VITOR LIPPI;2020;Combustíveis e lubrificantes;CARLOS A M DUQUE POSTO-08.081.673/0001-25;313,18
7000807;VITOR LIPPI;2020;Serviço de táxi, pedágio e estacionamento;CENTRO DE GESTÃO DE MEIOS DE PGTO. LTDA. - SEM PARAR-04.088.208/0001-65;329,91
6999539;VITOR LIPPI;2020;Hospedagem ,exceto do parlamentar no distrito federal;Hotelaria Accor Brasil S.A-09.967.852/0203-14;338,1
1723448;VITOR LIPPI;2020;Emissão bilhete aéreo;Cia Aérea - AZUL-09.296.295/0001-60;350
1723468;VITOR LIPPI;2020;Emissão bilhete aéreo;Cia Aérea - AZUL-09.296.295/0001-60;395,28
0;VITOR LIPPI;2020;Serviços postais;CORREIOS - ENCOMENDA PAC-00.000.000/0000-07;484,7
6997561;VITOR LIPPI;2020;Combustíveis e lubrificantes;SERAUT AUTO POSTO LTDA-59.690.438/0001-91;1115,86
7001541;VITOR LIPPI;2020;Manutenção de escritório de apoio à atividade parlamentar;TECHLAN SERVICOS E COMERCIALIZACAO EM TECNOLOGIA EIRELI - ME-11.620.910/0001-93;2344
6999521;VITOR LIPPI;2020;Divulgação da atividade parlamentar;THAMARA ESPINDOLA DE PAULA-19.945.349/0001-24;3500
